ds,yhat
2016-03-11,0.002255082723773752
2016-04-21,0.022156944514907614
2016-04-22,0.030498139186398526
2016-04-23,0.04247419038430392
2016-04-24,0.051970967600841154
2016-04-28,0.03328989504700334
2016-05-03,0.009075512229433378
2016-05-04,-0.0011846593821104876
2016-05-08,0.007688644312271203
2016-05-12,0.0006050623346126674
2016-05-13,0.002768795838608451
2016-05-25,0.0008390251814683215
2016-05-27,4.393874878435861e-05
2016-06-10,-0.0030718225977732815
2016-06-11,0.0007800675983919529
2016-06-17,0.009491063232618573
2016-06-19,0.038445958031151854
2016-07-01,-0.0016116485793193289
2016-07-02,-0.0004245366530511163
2016-07-03,0.0024547487337042906
2016-07-10,0.019350216743715433
2016-07-14,0.00207069749042211
2016-07-21,-0.002644298310841773
2016-07-28,0.00042690876478245453
2016-07-29,-1.595232208675794e-05
2016-07-31,0.008806179003339612
2016-08-04,-0.002705735492754464
2016-08-06,0.008192018021673462
2016-08-15,-0.0009196838201454291
2016-08-24,0.001530422383461072
2016-08-25,0.00024489196701128757
2016-08-31,-0.002918975966145666
2016-09-02,-0.0008805967797132757
2016-09-09,0.0029894046836962916
2016-09-18,0.013200209554303004
2016-09-21,0.0023999045812727014
2016-09-23,0.0025671602251918805
2016-09-28,0.00013600378017958326
2016-09-30,0.001366692054516513
2016-10-06,0.001960103033967736
2016-10-11,0.005292869967930538
2016-10-15,0.007194087159618086
2016-10-26,-0.0015778346148628023
2016-10-28,-0.0008939055334545006
2016-10-31,0.0024824704652748096
2016-11-11,-0.0017627453243878278
2016-11-16,0.0025623903941844146
2016-11-17,0.002457805681073716
2016-11-23,4.665914735799224e-05
2016-11-30,0.0004550179266785701
2016-12-02,0.0015385476736575008
2016-12-06,0.005653527305544284
2016-12-09,-0.0007278056841925219
2016-12-14,0.001229579018658204
2016-12-16,0.002080659424293381
2016-12-18,0.01292026223920867
2016-12-20,0.005062216824810972
2016-12-21,-0.0017734937724901978
2016-12-23,-0.0019616657544210417
2016-12-24,0.004458915127472887
2016-12-30,0.002673080086204636
2017-01-06,-0.0011118091505488772
2017-01-12,0.001954794067356042
2017-01-13,0.0038190762801735114
2017-01-16,0.003921587439244702
2017-01-18,-0.00015853628617512171
2017-01-19,-0.002119724751888521
2017-01-20,-0.0017516171724266298
2017-01-21,0.003987029678582549
2017-01-23,-0.0004948656159584662
2017-01-25,-3.152518627303272e-05
2017-01-26,0.00039821701124034565
2017-01-27,0.002664443956299215
2017-01-31,0.007370676489630749
2017-02-01,-1.5256837732395556e-05
2017-02-03,-0.00221035450166246
2017-02-05,0.0081903049742559
2017-02-07,0.002922902222427184
2017-02-09,-0.001236393205188993
2017-02-10,0.0015357257125021328
2017-02-15,0.0023592476637750524
2017-02-16,0.0004697165651615749
2017-02-22,-0.001489648043909349
2017-02-24,0.0011758500902093287
2017-02-28,0.008433306611675278
2017-03-03,-0.0007998200252246623
2017-03-04,0.003946455426849234
2017-03-06,-0.002949091712022952
2017-03-09,-0.0034595155509695363
2017-03-10,-0.0005251774469757593
2017-03-24,-0.005190048694819077
2017-03-29,0.017968671374758275
2017-03-30,0.02222438519567107
2017-03-31,0.027725549036570964
2017-04-01,0.037050563079125826
2017-04-02,0.04436314855085792
2017-04-04,0.03728994820319441
2017-04-09,0.020263321154239417
2017-04-11,0.0024057555622142273
2017-04-13,-0.01256976897052715
2017-04-14,-0.013082588825637806
2017-04-16,0.0007681201012132172
2017-04-18,0.004119210734853595
2017-04-19,0.004953788213032108
2017-04-21,0.02095550865160973
2017-04-24,0.03997860674338152
2017-04-27,0.037983934506066304
2017-04-29,0.03593166732093179
2017-05-02,0.015456209688395695
2017-05-04,-0.0016224733908178392
2017-05-05,-0.0034607245227933417
2017-05-08,-0.003781052098159079
2017-05-09,0.00192731727701307
2017-05-10,-0.0025170266453613697
2017-05-14,0.014311883677947662
2017-05-19,0.001887120081577689
2017-05-24,0.0008275089834502911
2017-05-26,0.0003058212491001038
2017-06-03,0.007912048955524784
2017-06-04,0.014565617637548049
2017-06-06,0.009254551576123881
2017-06-08,0.000334365939339918
2017-06-10,0.0031972902560356772
2017-06-12,-0.006206215016063372
2017-06-23,0.049523831972167205
2017-06-30,0.0069868347978976845
2017-08-01,0.0014502529023282988
2017-08-05,0.005452930707543403
2017-08-12,0.007970537877656596
2017-08-19,0.0041261327362386545
2017-08-31,-0.004343508193319383
2017-09-01,-0.0026026575496540206
2017-09-02,0.004482954519308933
2017-09-06,0.002054190308425201
2017-10-18,0.0019791536639655752
2017-10-19,0.0015644895070598816
2017-10-24,0.005389619481857042
2017-10-25,-0.0015149849393647045
2017-10-30,0.00084893091988708
2017-10-31,0.00609242446957489
2017-11-03,0.001991860252366584
2017-11-06,0.0015055038459899066
2017-11-08,-0.002042175511038363
2017-11-10,-0.0025426821920520645
2017-11-11,0.003773409034295868
2017-11-14,0.005632781658394423
2017-11-15,0.0007199879466891256
2017-11-17,0.003023829626888976
2017-11-20,0.003994500344095483
2017-11-22,0.0006117047744994258
2017-11-23,-0.0010910837564227574
2017-11-24,-0.0005943500583369312
2017-11-26,0.010442323403147526
2017-11-27,-3.930352470007427e-05
2017-12-01,0.0006986853858108192
2017-12-03,0.012665590136456916
2017-12-05,0.00573871549173002
2017-12-07,-0.002144030489207546
2017-12-08,-0.0012124699485366605
2017-12-11,0.000384765418973209
2017-12-13,-5.512927374637638e-05
2017-12-15,0.0014240868650399864
2017-12-17,0.013043592479998872
2017-12-18,0.0019010473956227762
2017-12-19,0.005541621362546378
2017-12-20,-0.0013892715135915704
2017-12-22,-0.0022651248616491074
2017-12-24,0.009322420559158329
2017-12-25,-0.0008026402798705793
2018-01-19,-0.0011441149688774148
2018-01-21,0.009010166338577676
2018-01-26,0.0008063982125258622
2018-02-02,-0.0011546650228064642
2018-02-09,-0.0009197399052773628
2018-02-22,-0.0030470254415314903
2018-03-02,0.00047602403422339346
2018-03-04,0.00924627933672048
2018-03-06,0.0009712439138389352
2018-03-08,-0.00553660735670157
2018-03-09,-0.0031248721750198206
2018-03-10,0.004669165817157374
2018-03-13,0.008668471218566154
2018-03-14,0.003179543904673698
2018-03-16,0.0024226104689111672
2018-03-17,0.006862587417394322
2018-03-22,-0.009901314474130977
2018-03-24,-0.00019675230600018582
2018-03-26,0.0018474656196226062
2018-03-29,0.015276216193753116
2018-04-03,0.03794660347589483
2018-04-06,0.025717501123453113
2018-04-07,0.02722620350491369
2018-04-09,0.010604078922052144
2018-04-11,-0.002923576080600096
2018-04-13,-0.011159255782949802
2018-04-16,-0.01111600837670541
2018-04-18,-0.004086853081784178
2018-04-20,0.010599295021485843
2018-04-23,0.03354935987537575
2018-04-30,0.025470829802414705
2018-05-07,-0.005000055113063725
2018-05-08,-0.00020128264525917042
2018-05-10,-0.004290005748879513
2018-05-11,-0.0013496338508101518
2018-05-16,0.0015504770016819373
2018-05-18,0.0015655956177471056
2018-05-21,0.0023132955621985346
2018-05-22,0.006691064707553931
2018-05-23,0.0005353097329716429
2018-05-29,0.0035952663639040694
2018-05-30,-0.002687930132191624
2018-06-01,-0.0013651481855621612
2018-06-05,0.008386671815545766
2018-06-12,-0.0020081637261494907
2018-06-13,-0.009162434180766697
2018-06-15,-0.0059445932130862454
2018-06-20,0.029362703018180104
2018-06-23,0.054580028572495866
2018-06-24,0.061289276167260126
2018-07-02,-0.0044391844702593355
2018-07-04,-0.011443427553285502
2018-07-05,-0.011501640064424274
2018-07-06,-0.007797255687164703
2018-07-11,0.006393561793707521
2018-07-23,0.0014601336339875913
2018-07-25,0.002369262894383844
2018-07-26,0.001826054174733705
2018-07-27,0.0025446062078371212
2018-07-31,0.0020013560821019586
2018-08-03,-0.004422479213523513
2018-08-13,0.0011835972279931042
2018-08-15,-0.003281348137583913
2018-08-16,-0.00489429716615488
2018-08-17,-0.003908987296256261
2018-08-19,0.008839291193683345
2018-08-22,-0.0003496460891034732
2018-08-23,-0.000491732901827387
2018-08-25,0.0068816352877297225
2018-08-28,0.00349284911999037
2018-08-30,-0.004831191909227645
2018-08-31,-0.003688327818607508
2018-09-01,0.0028701262254726594
2018-09-02,0.009184294297747097
2018-09-06,0.0005266301273545906
2018-09-07,0.0023480691008325415
2018-09-10,0.002596542566939394
2018-09-19,0.00010929757026960363
2018-09-21,0.0016495265742647678
2018-09-28,-0.0005330130666278384
2018-09-29,0.005777922992375623
2018-10-02,0.00671292763555827
2018-10-05,0.002411391674782229
2018-10-09,0.005804302891683226
2018-10-12,-0.0015799406675719302
2018-10-16,0.005775998658985062
2018-10-20,0.008497695600472322
2018-10-24,-0.00103989511108501
2018-10-30,0.00445885569479912
2018-11-01,-0.000750877748265313
2018-11-07,-0.0014770466566480789
2018-11-13,0.0036865770740577516
2018-11-16,0.0014469993660054968
2018-11-21,0.001174376493819052
2018-11-28,-0.0020338165679853496
2018-11-30,-0.00045836294023312955
2018-12-04,0.005693424703460785
2018-12-07,-0.0013327134108462963
2018-12-11,0.004076294121564119
2018-12-13,-0.00156970447559823
2018-12-18,0.005874288340245271
2018-12-19,-0.0009162538857134736
2018-12-21,-0.0020726392244759953
2018-12-23,0.00866248149686993
2018-12-24,-0.001933555331168681
2018-12-27,-0.0023466918267580203
2018-12-29,0.006973242037188104
2019-01-02,0.0003141816579806953
2019-01-07,-0.0011676040200697272
2019-01-11,0.0006203135945725873
2019-01-15,0.008203290742979886
2019-01-18,-0.0001768076465649502
2019-01-22,0.002099120122031162
2019-01-24,-0.003674646462061758
2019-01-31,-0.00010172211207352087
2019-02-05,0.0009479688766636336
2019-02-09,0.004336019872205563
2019-02-14,0.0014078452698354587
2019-02-22,-0.002530405907196262
2019-03-01,0.001327852700304368
2019-03-03,0.010547088931925765
2019-03-04,-0.0015821593505323398
2019-03-08,-0.005030497935075365
2019-03-12,0.006451378228627916
2019-03-17,0.012314329389842987
2019-03-22,-0.009131641900902602
2019-03-25,-0.0037113597621379934
2019-03-28,0.007808479428638001
2019-03-29,0.014612160208514056
2019-03-31,0.036318033651442636
2019-04-03,0.03125241066454438
2019-04-05,0.02942139624143574
2019-04-10,0.0037525969746563153
2019-04-12,-0.006820475104296803
2019-04-14,-0.0018253208180362074
2019-04-15,-0.013317466880533466
2019-04-17,-0.010945773730859878
2019-04-20,0.014291358850349122
2019-04-26,0.04037805685065655
2019-05-08,-0.007049503711956659
2019-05-11,0.003875012260170007
2019-05-22,3.638292310304426e-05
2019-05-29,-0.0029638669210810143
2019-06-02,0.01051074162949852
2019-06-05,0.0015496884146110326
2019-06-07,0.0023066995144045586
2019-06-12,-0.008224120680626338
2019-06-15,-0.001073172161843717
2019-06-22,0.048557531407566426
2019-06-26,0.04325853901739364
2019-06-28,0.02880156555330996
2019-07-02,0.0007062470620725538
2019-07-05,-0.011165651578938736
2019-07-08,-0.0008694966581458781
2019-07-11,0.004834069153927175
2019-07-15,0.002075794954902877
2019-07-18,-0.006771175864168408
2019-07-20,0.0005756837707903365
2019-07-21,0.007342857446395284
2019-07-25,0.0008355518382350451
2019-07-27,0.008384644757821916
2019-07-30,0.00333917399160984
2019-08-02,-0.00543660753858882
2019-08-04,0.007510778734784026
2019-08-11,0.014113925422830886
2019-08-12,0.002419111656459675
2019-08-14,-0.0022232161916410113
2019-08-15,-0.004349042673445063
2019-08-16,-0.0040355869551897215
2019-08-18,0.007406017251618904
2019-08-19,-0.0025719592463394223
2019-08-21,-0.002165845613760967
2019-08-23,8.70135663794758e-05
2019-08-25,0.01194971338456505
2019-08-27,0.0042034383163578135
2019-08-28,-0.002914755447514185
2019-08-30,-0.004028027032178432
2019-08-31,0.0019314131526719817
2019-09-04,-0.0016791218228914447
2019-09-06,0.001024496281722959
2019-09-07,0.007883516940162944
2019-09-11,-0.00030022936852959047
2019-09-14,0.004225644754448139
2019-09-19,-0.0014234921676726875
2019-09-20,0.0005248079290349483
2019-09-23,0.002209331234895946
2019-09-26,-0.0016755083366251887
2019-09-27,-0.0008494613244273853
2019-09-30,0.00037407286436970215
2019-10-04,0.0015543390670414168
2019-10-10,-0.002246484841116777
2019-10-11,-0.0016660802132974165
2019-10-15,0.004185495113136631
2019-10-17,-0.0010133428284789196
2019-10-18,0.001026022804895727
2019-10-23,-0.0004340272135371923
2019-10-25,-0.0017835457233847914
2019-10-29,0.0030171805279577916
2019-10-31,-0.002344969682150231
2019-11-01,-0.0002408068866867532
2019-11-05,0.005906226517744313
2019-11-08,-0.0022631670866958935
2019-11-12,0.002145928048607738
2019-11-15,-0.0005143321526481365
2019-11-18,0.0032320998175330066
2019-11-21,2.265618949477341e-05
2019-11-23,0.005692734834537092
2019-11-25,-0.0009186536567264997
2019-11-28,-0.003490112341741753
2019-12-02,0.0008199951325818956
2019-12-04,-0.0008944881399008692
2019-12-06,-0.0012606719436615184
2019-12-07,0.004420529445724988
2019-12-10,0.003091359048616531
2019-12-12,-0.002953301424028011
2019-12-13,-0.0010371235576240702
2019-12-16,0.0014866802362015243
2019-12-19,-0.002073544004169814
2019-12-20,-0.0016167888164030728
2019-12-23,-0.002472693328127373
2019-12-24,0.001841371493283232
2019-12-25,-0.003935082384094873
2019-12-28,0.005297896593032578
2019-12-30,0.0017875404020562514
2020-01-07,0.00264825533929193
2020-01-10,-0.001303590496301148
2020-01-16,0.00036679572138603473
2020-01-20,-0.001711470988722312
2020-01-22,-0.004556689593061321
2020-01-24,-0.003208227381765889
2020-01-28,0.006641939419961855
2020-01-31,0.0008276871570196756
2020-02-04,0.0013031311013293975
2020-02-07,-0.005015638946434947
2020-02-10,-0.00018573653761117057
2020-02-12,0.0007727180035398116
2020-02-14,0.0021563320452408566
2020-02-18,0.00398937204636009
2020-02-20,-0.0046384696703357774
2020-02-22,0.002947192525118438
2020-02-26,0.00016046934628528072
2020-02-27,1.8289286751494403e-05
2020-03-02,-0.00026904766789665954
2020-03-05,-0.006714926264828332
2020-03-06,-0.0059335951898166345
2020-03-07,0.0004506740589826459
2020-03-10,0.0037062879766715903
2020-03-11,-0.0006189188687323773
2020-03-18,-0.00454273150498866
2020-03-20,-0.008372886539780536
2020-03-23,-0.007472616011934221
2020-03-26,0.00062072898902228
2020-03-27,0.007136211422730593
2020-03-31,0.03240560749199272
2020-04-03,0.03099527316560865
2020-04-07,0.022700026360502508
2020-04-09,0.003923785998904267
2020-04-14,-0.009457798837253098
2020-04-17,-0.00755919150259996
2020-04-21,0.026642272471074355
2020-04-24,0.037860032753199255
2020-04-28,0.03777550225025443
2020-04-30,0.018486184546649388
2020-05-02,0.012832248747939298
2020-05-07,-0.008533164909786355
2020-05-08,-0.0064217320412407195
2020-05-09,0.0012166714204169598
2020-05-13,-0.00010328908382642096
2020-05-15,0.0009509370935034678
2020-05-20,-0.0005168254998368042
2020-05-22,-6.771621450975089e-05
2020-05-25,0.00015814609835032058
2020-05-29,-0.0032840771579796847
2020-06-02,0.004575536756828846
2020-06-05,0.001896556636564272
2020-06-09,0.002676716345787584
2020-06-12,-0.00943569335787904
2020-06-16,0.005630761451716819
2020-06-19,0.02433725716006996
2020-06-20,0.03910227848561363
2020-06-23,0.05370446129201544
2020-06-25,0.04317881869498724
2020-06-26,0.0384643404234239
2020-06-30,0.00872755765012703
2020-07-02,-0.010278073990604965
2020-07-03,-0.01165339364323886
2020-07-08,-0.00035266349427430857
2020-07-09,0.0019722556090321103
2020-07-15,-0.0021775596316017344
2020-07-17,-0.005776595068852903
2020-07-21,0.0018451945943726345
2020-07-24,0.0013098986779354217
2020-07-25,0.008146589037825879
2020-07-28,0.004917304777024383
2020-07-31,-0.005299420419707801
2020-08-01,0.0002534693958155471
2020-08-04,0.0017855636265172426
2020-08-06,-0.0016581623714742519
2020-08-07,0.0010819302539513322
2020-08-10,0.003120851150963728
2020-08-12,-0.0008939102877982691
2020-08-13,-0.0031923745502644924
2020-08-14,-0.00333422735530712
2020-08-18,0.0010541805916408796
2020-08-21,-0.0014460315740513936
2020-08-22,0.005581910766199931
2020-08-25,0.004738900473333979
2020-08-28,-0.0037105362831242536
2020-08-29,0.0017459248656885294
2020-08-31,-0.003591756731486274
2020-09-01,0.0013795252757696397
2020-09-02,-0.0037438466382305434
2020-09-04,-0.0008308955856237889
2020-09-05,0.0064453180891808765
2020-09-09,0.00012705795420128382
2020-09-10,-0.0014226386354114296
2020-09-11,-0.0010302821564663802
2020-09-14,-0.0015985986265417869
2020-09-17,-0.002923658778682072
2020-09-22,0.006091094754325474
2020-09-30,-0.0014929452879691857
2020-10-02,0.0003205433159216599
2020-10-06,0.006459530314378827
2020-10-09,-0.0013331956784806438
2020-10-10,0.00413499002669653
2020-10-13,0.002936321112779491
2020-10-15,-0.0026470619434698873
2020-10-16,-0.0005115923456278405
2020-10-20,0.006565597656864939
2020-10-24,0.004078630706098119
2020-10-27,0.0020508518460073313
2020-10-29,-0.0039209036284773655
2020-10-30,-0.0018426826693584255
2020-11-02,0.0013006649518093267
2020-11-06,-0.0016307471305776668
2020-11-07,0.003619416601196074
2020-11-10,0.0012490518743005124
2020-11-13,-0.002514616932605007
2020-11-14,0.004842781564477749
2020-11-17,0.006963120553221468
2020-11-19,0.0002004393079783149
2020-11-20,0.0009268406475666869
2020-11-23,-0.0006147300125562312
2020-11-25,-0.003460765109895107
2020-11-28,0.0037851361731969027
2020-11-30,-0.00020536865805839775
2020-12-02,-0.0013122795910889447
2020-12-04,-0.001203577387795981
2020-12-05,0.004527555743091128
2020-12-08,0.002546694871510106
2020-12-11,-0.002376426717925471
2020-12-14,0.0005711975842892544
2020-12-17,-0.0018467747359493915
2020-12-20,0.0089349281048072
2020-12-21,-0.0024308726316512484
2020-12-22,0.0014475477685030398
2020-12-23,-0.004809485293577799
2020-12-24,-0.005372208223726548
2020-12-25,-0.003524361974836015
2020-12-28,0.00035746296616022237
2020-12-30,-0.00017373687780971973
2020-12-31,-0.0009221401639620992
2021-01-03,0.010215941676756789
2021-01-06,-0.003957623557766173
2021-01-08,-0.0029279219222050528
2021-01-12,0.006468129506805115
2021-01-15,0.0012566999379313723
2021-01-18,-0.0008119049905134365
2021-01-20,-0.00459542659400505
2021-01-23,0.0022462168504594274
2021-01-27,-0.0001783630204238596
2021-01-29,0.0009745463877464042
2021-02-01,-0.000666620652398261
2021-02-05,-0.005889305113685787
2021-02-08,-0.0025908228716811825
2021-02-10,-0.0013050763745622246
2021-02-12,0.0013226143030132848
2021-02-13,0.007836588015199503
2021-02-17,-0.002335205942983803
2021-02-19,-0.003773185595071544
2021-02-24,-0.0016629471071732465
2021-02-26,0.000637421895171417
2021-02-27,0.007100963284221707
2021-03-03,-0.0036376147777636373
2021-03-05,-0.005763410415148454
2021-03-07,0.005331443771876899
2021-03-12,0.0005023239236580266
2021-03-13,0.007818641546380085
2021-03-16,0.005865729500921599
2021-03-17,-0.0021355668880974135
2021-03-19,-0.006380391612673139
2021-03-22,-0.00919253743610057
2021-03-24,-0.00802483611281088
2021-03-26,0.0001380929025656414
2021-03-29,0.017325327118851562
2021-03-30,0.026748747528392108
2021-04-01,0.02723347427537908
2021-04-03,0.036821529101097546
2021-04-07,0.017444423124005883
2021-04-09,0.00619273307939909
2021-04-13,-0.00804340173898016
2021-04-16,-0.01330146552941175
2021-04-22,0.024648553528770725
2021-04-25,0.05065119135314777
2021-04-27,0.0425123066259827
2021-04-29,0.02611858830417361
2021-05-04,0.002906901173313899
2021-05-06,-0.008747909464273108
2021-05-09,0.005820077854651678
2021-05-12,-0.0018145868167326207
2021-05-14,0.0002463078240404707
2021-05-19,-0.000939647771900769
2021-05-21,-0.0005636366853887702
2021-05-24,0.00019218429155677067
2021-05-27,-0.003966674290011423
2021-05-31,-0.0024303954887261196
2021-06-04,0.000503049116169912
2021-06-08,0.004868752724384532
2021-06-11,-0.0077856525762835865
2021-06-16,-0.002487728151436972
2021-06-18,0.012763082091563167
2021-06-21,0.039153437665112076
2021-06-23,0.04670207633959981
2021-06-25,0.04502611266459855
2021-06-28,0.024217831421268977
2021-06-30,0.004166081609500749
2021-07-04,-0.0008931987697296515
2021-07-07,-0.005589441052349289
2021-07-10,0.010546180212177073
2021-07-14,0.0005999272203311714
2021-07-17,0.00025640112855613477
2021-07-20,-0.000681576327973994
2021-07-22,-0.004099632240956358
2021-07-23,-0.0009628746835774011
2021-07-27,0.006138196069973734
2021-07-28,-0.0012906968206569938
2021-08-02,-0.005370689135456318
2021-08-05,-0.004346114099798968
2021-08-06,-0.0013268635633596885
2021-08-10,0.007140403305132541
2021-08-16,-0.004292064270013093
2021-08-20,-0.003319221691968198
2021-08-21,0.003986366725502305
2021-08-22,0.010414024623217269
2021-08-25,-0.0017044767923637943
2021-08-27,-0.0029876650454937186
2021-09-01,-0.005414388831936227
2021-09-03,-0.002889107097258506
2021-09-04,0.004553961665326414
2021-09-05,0.011207078900736054
2021-09-08,0.00017606917299519634
2021-09-13,-0.0017237932587459343
2021-09-16,-0.004224918268813167
2021-09-18,0.004595641905804326
2021-09-21,0.005558833573912672
2021-09-27,-0.0009648050974915045
2021-10-01,-0.0010437876459862216
2021-10-07,-0.0013440603931242686
2021-10-12,0.0022402659329376533
2021-10-15,-0.0021020776644686857
2021-10-21,-0.0011459289791096033
2021-10-25,-0.0021282559846420913
2021-10-29,-0.0033459610934955574
2021-11-05,-0.0010848854979734301
2021-11-06,0.0042876866029562845
2021-11-09,0.0010612836631837888
2021-11-10,-0.00534438881599947
2021-11-19,0.0010311598700767284
2021-11-20,0.00677868820855216
2021-11-30,0.0035365320229643576
2021-12-02,-0.0026329544694339083
2021-12-13,-0.0006613824428752641
2021-12-16,-0.0020426548420593737
2021-12-17,-0.000990906900196977
2021-12-20,-0.001994522155733276
2021-12-21,0.0016082091690815367
2021-12-23,-0.006100951934954273
2021-12-24,-0.00471107632969434
2021-12-25,0.0019865602917002612
2021-12-28,0.0040035925375289045
2021-12-31,-0.00014083912499557316
2022-01-07,-0.003981391603926302
2022-01-14,0.0010992336065760305
2022-01-25,0.0028761113445365714
2022-01-26,-0.001984280355676929
2022-01-28,0.00028433342508344317
2022-02-01,0.003546795945174478
2022-02-14,0.002076653513570679
2022-02-16,-0.001320582265382984
2022-02-18,-0.0032294814791440037
2022-02-21,-0.0034240691748797254
2022-02-26,0.006176520209484919
2022-03-03,-0.004554764083278896
2022-03-07,-0.0058725042614038905
2022-03-10,-0.005098801208569877
2022-03-16,-0.00036105018310496556
2022-03-17,-0.0029043770488791335
2022-04-06,0.02293684814984311
2022-04-11,-0.0035127858102679214
2022-04-13,-0.013938906197075138
2022-04-19,0.006357941460080749
2022-04-26,0.04422528515410919
2022-04-28,0.03228263402566892
2022-05-06,-0.007705822018406484
2022-05-07,-0.0021918059117373386
2022-05-12,-0.003428735065381167
2022-05-17,0.005140056984475373
2022-05-20,-0.001045955009073206
2022-05-31,0.0013208677078147793
2022-06-09,-0.004062151317115954
2022-06-12,0.001927444180880225
2022-06-16,-0.0051948978068654
2022-06-22,0.04153559153628644
2022-07-12,0.010142286387183869
2022-07-14,-0.0001225582622841172
2022-07-15,-0.0014599484422648992
2022-07-20,-0.007639338443568599
2022-07-21,-0.007013564321496286
2022-07-24,0.011344328744551185
2022-07-29,-0.0026334993490810333
2022-08-03,-0.007262331838368184
2022-08-05,-0.004105298803079224
2022-08-08,0.0016305203053316323
2022-08-12,-0.0008118745362114908
2022-08-15,-0.003943050564139721
2022-08-19,-0.005255422642340334
2022-08-23,0.004005743432703306
2022-08-25,-0.0029647220823303157
2022-08-29,-0.004159910907090765
2022-09-04,0.00913861504281596
2022-09-07,-0.0005284662361023651
2022-09-08,-0.001199575683443992
2022-09-13,0.0021611036649871896
2022-09-14,-0.004370814519561602
2022-09-16,-0.0037160761412381484
2022-09-17,0.003035063697109665
2022-09-19,-0.0005890875589369517
2022-09-21,-0.0012416818387021768
2022-09-22,-0.0018998040774282675
2022-09-26,-0.0011558521608066351
2022-09-28,-0.0034315580176604386
2022-09-29,-0.004105117072529844
2022-10-01,0.004329180032633878
2022-10-03,0.0005496570479366306
2022-10-07,-0.0005913150488634777
2022-10-14,-0.003637335092876574
2022-10-18,0.004925291439877377
2022-10-24,-0.0017749629217448217
2022-10-26,-0.004966993376640995
2022-10-30,0.008247732795852008
2022-11-04,-0.0011400380919051436
2022-11-08,0.0012336004290645795
2022-11-09,-0.005599386332598103
2022-11-11,-0.005525330142573087
2022-11-15,0.0034901937396547445
2022-11-17,-0.0014352733063529369
2022-11-22,0.003900401210048428
2022-11-25,-0.0040444902419564145
2022-11-28,-0.0028055670182837965
2022-11-30,-0.0034229366714343557
2022-12-01,-0.0037141029710963383
2022-12-05,-0.0015769654952656831
2022-12-09,-0.00436910494676061
2022-12-12,-0.0022347954931272356
2022-12-15,-0.0029817059372879793
2022-12-16,-0.0015255912135568326
2022-12-19,-0.0017100139198060185
2022-12-21,-0.005059222539445798
2022-12-25,0.006589273217868212
2022-12-30,-0.0011392814204952287
2023-01-03,0.00312045417610773
2023-01-06,-0.0046396461900410964
2023-01-09,-0.0027413494762343086
2023-01-11,-0.0023882792910178575
2023-01-17,0.004112379164272559
2023-01-20,-0.005016386421773955
2023-01-27,-0.0014707016324168485
2023-01-31,0.004227014035520404
2023-02-02,-0.00518306273673349
2023-02-03,-0.0052869625558719545
2023-02-07,-0.001216652774074311
2023-02-09,-0.0056864141951432495
2023-02-13,0.001315549244492654
2023-02-16,-0.0026428493290841836
2023-02-19,0.006954374669132033
2023-02-20,-0.004248455248846705
2023-02-22,-0.005583017981895217
2023-02-28,0.00495014060951752
2023-03-02,-0.0036030927816491747
2023-03-07,-0.0023601201940021835
2023-03-09,-0.007879542952300585
2023-03-16,-0.0016691155955372676
2023-03-21,-0.005176643843245939
2023-03-27,0.0023377434685367747
2023-03-28,0.012078523134710941
2023-03-30,0.01604360455519858
2023-03-31,0.02198855063541217
2023-04-02,0.039901221334231185
2023-04-05,0.02632476479249783
2023-04-08,0.019962502974052235
2023-04-11,0.0013602416088103458
2023-04-13,-0.014805841802380836
2023-04-14,-0.01616947695882591
2023-04-17,-0.01186425501376227
2023-04-18,-0.002647583640551533
2023-04-19,-0.0024016282064154354
2023-04-20,0.00419555915932887
2023-04-24,0.034219312587182985
2023-04-27,0.03550560789750176
2023-04-30,0.034528081714224966
2023-05-03,0.0026111492571851075
2023-05-05,-0.005867217920569895
2023-05-09,-0.002579194308778068
2023-05-11,-0.006242797117941678
2023-05-13,0.0039847160055151995
2023-05-15,3.642647033970381e-05
2023-05-17,-0.0018224383025846917
2023-05-19,-0.001823915107857229
2023-05-22,-0.0009187810774888313
2023-05-23,0.0034229990054746077
2023-05-25,-0.003942429739370873
2023-05-29,-0.003926367352183408
2023-05-31,-0.005811999735133206
2023-06-02,-0.0038847701465478095
2023-06-05,0.0005798515529434986
2023-06-07,-0.0008559606285622858
2023-06-09,-0.0031975543022427933
2023-06-10,0.0006530835217928802
2023-06-13,-0.006179439394908223
2023-06-15,-0.011227663946985125
2023-06-16,-0.0061469359731613216
2023-06-17,0.005840667432396595
2023-06-19,0.01674849183186031
2023-06-20,0.03002268484487345
2023-06-21,0.032272279545205035
2023-06-22,0.03839570309290357
2023-06-24,0.0524910315861324
2023-06-27,0.0400935958286184
2023-06-29,0.0155130155515926
2023-07-02,0.0042383455222183815
2023-07-03,-0.010817822386301794
2023-07-05,-0.014357657840008503
2023-07-07,-0.00850752048739865
2023-07-08,0.0015198151226262554
2023-07-12,0.0032279685440125922
2023-07-13,0.0014872072238154713
2023-07-14,0.0007932890684896662
2023-07-17,-0.005505875532064809
2023-07-18,-0.0026185165962980175
2023-07-20,-0.009615490661968627
2023-07-21,-0.007104009993821234
2023-07-22,0.0008704013262000967
2023-07-24,-0.0005822984613539201
2023-07-25,0.004980874581729219
2023-07-26,-0.0006722906114946733
2023-07-28,-0.0016101029179773321
2023-08-01,-0.0020939808154888046
2023-08-03,-0.009174002019308016
2023-08-04,-0.006950761707722655
2023-08-06,0.00798037268396111
2023-08-09,-0.0004700350070930368
2023-08-10,-0.0011025205790720486
2023-08-11,-0.0003549515130908173
2023-08-13,0.008869975681643768
2023-08-14,-0.0032664182400994933
2023-08-17,-0.008479211659988826
2023-08-21,-0.003216384155645554
2023-08-23,-0.003156348246525182
2023-08-24,-0.003630765268064594
2023-08-25,-0.0025338365381387716
2023-08-26,0.0030637918601276117
2023-08-28,-0.003972630482794589
2023-09-01,-0.006799785085200505
2023-09-02,9.282529939322716e-05
2023-09-06,-0.0022335385179815866
2023-09-07,-0.002359012967050951
2023-09-11,-0.001372777390614862
2023-09-13,-0.0047225683790837044
2023-09-14,-0.006024221918122377
2023-09-15,-0.004938838455602279
2023-09-16,0.001438939552428144
2023-09-18,-0.0024811448431158204
2023-09-19,0.0026631379033320883
2023-09-20,-0.0027479006733951844
2023-09-21,-0.003051924641111656
2023-09-23,0.004517940411208026
2023-09-25,-0.0014407878546952215
2023-09-27,-0.004129507074689393
2023-09-28,-0.005146565705772827
2023-09-29,-0.0038422072287296796
2023-10-02,-0.0012121688937051693
2023-10-03,0.003836012685156618
2023-10-04,-0.0017330438344445205
2023-10-05,-0.0022458930565861313
2023-10-09,-0.0017470930569378124
2023-10-10,0.0018181337829498109
2023-10-11,-0.004960800265955093
2023-10-12,-0.006170453173270608
2023-10-13,-0.004987986711972824
2023-10-16,-0.002209383274140474
2023-10-17,0.0030439386444057652
2023-10-18,-0.0022760343989797196
2023-10-19,-0.0025288985143677176
2023-10-20,-0.0010766334077427736
2023-10-21,0.00492449605897039
2023-10-23,-0.0015505981096211752
2023-10-26,-0.006571835796641944
2023-10-27,0.000984214624790346
2023-10-28,0.0012864092934451047
2023-10-29,0.0024255240093223863
2023-10-30,0.0011636627909442031
2023-10-31,0.001697892005336503
2023-11-01,-0.00016483839295546032
2023-11-02,-0.00034293520440660877
2023-11-05,0.00012482284794132232
2023-11-07,0.0009839349110326208
2023-11-08,-0.0014357157916774469
2023-11-09,0.0022437798812877906
2023-11-11,0.00012572210613812714
2023-11-13,-0.0013107814529110919
2023-11-15,-0.00024479811970048223
2023-11-17,0.9737700209611534
2023-11-18,-0.00102698842163578
2023-11-20,-0.0029716694830214862
2023-11-21,-0.0059967483470379284
2023-11-22,-0.0029298587842953097
2023-11-23,-0.004630503611933062
2023-11-25,0.0013239208420173618
2023-11-27,-0.00414053833152243
2023-11-29,-0.005082650964757791
2023-12-01,-0.0035061787511983756
2023-12-02,0.0030552323691886863
2023-12-04,-0.002055082402573031
2023-12-05,0.001973172273840934
2023-12-08,-0.0050753042365452
2023-12-11,-0.0038637698121756353
2023-12-12,0.001045282253177624
2023-12-14,-0.004534791133609584
2023-12-15,-0.0027573697587457624
2023-12-16,0.003707242823919308
2023-12-17,0.00917748158329441
2023-12-19,0.001917702161429298
2023-12-20,-0.004984881384963312
2023-12-21,-0.006598839779488092
2023-12-22,-0.006030156216380347
2023-12-25,-0.005117688931999433
2023-12-27,-0.005267682442278122
2023-12-29,-0.002884743066566239
2023-12-30,0.003993427883456588
2024-01-02,0.0031000462542624422
2024-01-04,-0.005349737266848786
2024-01-05,-0.004893666221189101
2024-01-07,0.005982255271167771
2024-01-08,-0.0044710050990982774
2024-01-10,-0.004693695724287015
2024-01-12,-0.0020627536725556605
2024-01-13,0.004998708909461654
2024-01-15,0.0004122087777842852
2024-01-17,-0.0026550508222821963
2024-01-18,-0.004610420224992275
2024-01-22,-0.00576864635359033
2024-01-23,-0.0011977892794912638
2024-01-25,-0.006350762151914097
2024-01-27,0.003519230874766654
2024-01-29,-0.00019552795749171441
2024-01-30,0.004120979032434727
2024-02-02,-0.004512345065770587
2024-02-04,0.004607780820575407
2024-02-05,-0.006818154876041559
2024-02-06,-0.0026894430514197354
2024-02-08,-0.008317612353412936
2024-02-10,0.001976125624882565
2024-02-11,0.008967929188710129
2024-02-13,0.00465427468912471
2024-02-15,-0.002452511728850963
2024-02-16,-0.0020546981887875505
2024-02-17,0.002985106860729137
2024-02-19,-0.0044026913387519686
2024-02-20,-0.0007132614831079501
2024-02-23,-0.005428813403638182
2024-02-26,-0.0010881751800231698
2024-02-27,0.003936159920798214
2024-02-28,-0.0020322441296166923
2024-03-02,0.0018708018351090698
2024-03-04,-0.006143850413535113
2024-03-07,-0.009982626853212545
2024-03-08,-0.00786725188778319
2024-03-09,-0.00027071779177231196
2024-03-12,0.004002299103168905
2024-03-14,-0.0017066661869584664
2024-03-15,-0.001066656944106242
2024-03-16,0.003712561084602968
2024-03-18,-0.005813388690773264
2024-03-19,-0.0037898799914010527
2024-03-21,-0.013805612289817176
2024-03-25,-0.004457327440076428
2024-03-26,0.0045092494104571924
2024-03-28,0.008412216899817929
2024-03-29,0.01507867934045892
2024-03-31,0.03565135793476149
2024-04-02,0.0336546825847983
2024-04-04,0.025200245682118132
2024-04-06,0.02556423404091795
2024-04-07,0.025938160858443856
2024-04-09,0.007797074530639433
2024-04-12,-0.013588361600618966
2024-04-13,-0.010416172008133424
2024-04-14,-0.006227280284163887
2024-04-16,-0.009361816987795753
2024-04-17,-0.0110528974201376
2024-04-19,0.0026001206806226997
2024-04-22,0.026316797774661452
2024-04-23,0.036475917218106835
2024-04-24,0.03435871089083023
2024-04-26,0.03627205271114563
2024-04-30,0.022336625243842542
2024-05-01,0.009470655377559768
2024-05-02,0.002338775911594638
2024-05-06,-0.008974375459921972
2024-05-07,-0.00469034015743276
2024-05-09,-0.009284417360750665
2024-05-11,0.0014604790342515074
2024-05-14,0.0034159696771193368
2024-05-16,-0.0034973961613944324
2024-05-17,-0.0024809017035924722
2024-05-18,0.0034770373344823217
2024-05-20,-0.0018557080272779032
2024-05-22,-0.0035995018562498286
2024-05-24,-0.0035251179172148036
2024-05-25,0.002207558748998106
2024-05-28,-0.000374975192724407
2024-05-29,-0.006823478744571282
2024-05-31,-0.0059219712198520826
2024-06-01,0.0011065159013289565
2024-06-03,-0.0016450278744010328
2024-06-06,-0.002459585260405167
2024-06-07,-0.0020172893137144847
2024-06-10,-0.00730452089390062
2024-06-13,-0.014144429801325496
2024-06-16,0.008792736501234695
2024-06-17,0.005251028238696465
2024-06-19,0.020775007738973228
2024-06-20,0.028555494035364743
2024-06-22,0.04867804033189975
2024-06-25,0.0015730318334446127
2024-06-26,0.001008875057472455
2024-06-27,0.0005211905262086716
2024-06-29,-2.507754335777379e-05
2024-07-02,-0.0014334467969778835
2024-07-03,-0.015230874954037117
2024-07-05,-0.013418210935058565
2024-07-07,0.0051254789080371795
2024-07-09,0.00574653685779168
2024-07-10,0.0016572563582266542
2024-07-12,0.002151762486092895
2024-07-14,0.009690887681610324
2024-07-16,-0.0015682712141253767
2024-07-18,-0.010946717627852839
2024-07-20,-0.0022269771004645314
2024-07-21,0.004968555182562129
2024-07-22,-0.003723702083872388
2024-07-25,-0.0024391663651098273
2024-07-26,-0.0013350489979691484
2024-07-28,0.008032425560415994
2024-07-31,-0.008908791475462464
2024-08-02,-0.008992527823388882
2024-08-08,-0.0023471527887438115
2024-08-09,-0.0007582831665834439
2024-08-10,0.005084171214245941
2024-08-11,0.00965389630158885
2024-08-12,-0.0023266795931637906
2024-08-16,-0.008109520677006767
2024-08-17,-0.0019059631875247658
2024-08-18,0.004144581960644152
2024-08-19,-0.005557022899119917
2024-08-23,-0.0033463251742013485
2024-08-24,0.002803578942799787
2024-08-25,0.007821062037528935
2024-08-28,-0.007352866558111829
2024-08-31,-0.0016531560825740663
2024-09-04,-0.004481465665380561
2024-09-05,-0.004189876142603438
2024-09-06,-0.002167627694794042
2024-09-07,0.0043688138080542425
2024-09-09,-0.0013386705703788207
2024-09-10,0.002278019107259154
2024-09-12,-0.006281529393386431
2024-09-14,0.00032352241272889937
2024-09-16,-0.004269840470272979
2024-09-17,0.000768759159218744
2024-09-19,-0.004635702223375796
2024-09-21,0.003643714437464263
2024-09-22,0.00914029709934867
2024-09-23,-0.0017755883804366013
2024-09-25,-0.004506746200516148
2024-09-27,-0.004794869755176501
2024-09-30,-0.0029833932269173608
2024-10-01,0.0020508349290183844
2024-10-03,-0.0035761413824803284
2024-10-04,-0.00196810347696701
2024-10-05,0.004266485870086392
2024-10-08,0.0018961877074865573
2024-10-11,-0.005776602980108172
2024-10-14,-0.004137387622001278
2024-10-16,-0.004211615460765436
2024-10-17,-0.004183810611714229
2024-10-18,-0.0023151464313828224
2024-10-20,0.00958176974969879
2024-10-25,-0.0061069659176937125
2024-10-28,-0.005273337518013604
2024-10-29,-0.0002781234117041286
2024-10-31,-0.0054898177072170325
2024-11-01,-0.0034952695736541767
2024-11-02,0.0031648516387809992
2024-11-04,-0.0013727830539927376
2024-11-07,-0.00042454810845125933
2024-11-09,-0.0017435116159386374
2024-11-11,-0.003230516143531384
2024-11-13,0.0016009829483577317
2024-11-15,0.0036314700123340777
2024-11-19,-0.0018854982281698582
2024-11-21,-0.0011463038629803395
2024-11-22,-3.6087612235743624e-05
2024-11-24,0.0060130440963700495
2024-11-25,0.0008640060423120467
2024-11-27,-0.000802105363203175
2024-11-28,1.0095980391936334
2024-12-01,0.00430510317544337
2024-12-03,0.0014138684687328073
2024-12-04,-0.004961975259717187
2024-12-06,-0.005474639048735207
2024-12-07,0.00026674969124226063
2024-12-09,-0.00515125772346409
2024-12-10,-0.0005279768739376305
2024-12-11,-0.0025952238408420477
2024-12-13,-0.0023547746900604277
2024-12-14,0.002385348765443579
2024-12-15,0.00824070888867071
2024-12-16,-0.0023501292907573464
2024-12-17,0.0017376307240327075
2024-12-18,-0.004941441767829749
2024-12-19,-0.006506653142290484
2024-12-20,-0.006080622881071126
2024-12-21,-0.0006250607014667881
2024-12-22,0.0043886666026231105
2024-12-23,-0.006399791145241434
2024-12-24,-0.0017961420147123335
2024-12-25,-0.0073077775996874435
2024-12-26,-0.007239497121630276
2024-12-27,-0.004991410611739551
2024-12-28,0.0021549356454028147
2024-12-29,0.008424746750816028
2024-12-30,-0.001772381980418714
2024-12-31,0.002645586796708909
2025-01-01,-0.003799890797822175
2025-01-02,-0.0052462616216212635
2025-01-03,-0.004816287800517339
2025-01-04,0.0005462395378832321
2025-01-05,0.005402872768682374
2025-01-06,-0.00556460789294933
2025-01-07,-0.0011181752714160354
2025-01-08,-0.006728016025307926
2025-01-09,-0.006675470894578797
2025-01-10,-0.004355884847513648
2025-01-11,0.0029335905832838776
2025-01-12,0.009384230622210794
2025-01-13,-0.0006410591540104971
2025-01-14,0.0038885409633670335
2025-01-15,-0.002551733397728545
2025-01-16,-0.004131404230829003
2025-01-17,-0.003984068383391211
2025-01-18,0.0009605499857610028
2025-01-19,0.005302375015270825
2025-01-20,-0.006219089394301589
2025-01-21,-0.0022973743106084283
2025-01-22,-0.008334464114279494
2025-01-23,-0.008555194073741121
2025-01-24,-0.006320073291411308
2025-01-25,0.0010802242979494284
2025-01-26,0.007812979990669676
2025-01-27,-0.0018103650532769406
2025-01-28,0.0031698569705773455
2025-01-29,-0.002850565412981867
2025-01-30,-0.004115728723283529
2025-01-31,-0.003816183574740553
2025-02-01,0.0010891558587711537
2025-02-02,0.005204527487894838
2025-02-03,-0.006692500298953006
2025-02-04,-0.0032290680148380595
2025-02-05,-0.009722756147003055
2025-02-06,-0.010309553329704575
2025-02-07,-0.008271294629669043
2025-02-08,-0.0008433855930496067
2025-02-09,0.006163696198838565
2025-02-10,-0.002953756872512751
2025-02-11,0.0027130580921551294
2025-02-12,-0.0025191759628350016
2025-02-13,-0.0029898406066073994
2025-02-14,-0.0019863005288554797
2025-02-15,0.003448986784886604
2025-02-16,0.007862469181483566
2025-02-17,-0.003992225673494457
2025-02-18,-0.0007299332799209552
2025-02-19,-0.007623315093504345
2025-02-20,-0.008739771149785587
2025-02-21,-0.007281499412171556
2025-02-22,-0.0004072457105224166
2025-02-23,0.006133272773954904
2025-02-24,-0.0033283060702328114
2025-02-25,0.0021223272412404896
2025-02-26,-0.003221046835809301
2025-02-27,-0.003742143802717501
2025-02-28,-0.0027829006035165554
2025-03-01,0.0025626901412322146
2025-03-02,0.006805373685227836
2025-03-03,-0.005311312973344796
2025-03-04,-0.0023819692885991895
2025-03-05,-0.009630218378676848
2025-03-06,-0.011053440896062954
2025-03-07,-0.009775838798389537
2025-03-08,-0.0028862364073355402
2025-03-09,0.003911226702200722
2025-03-10,-0.005044007182814949
2025-03-11,0.001124582985987907
2025-03-12,-0.003372823272448244
2025-03-13,-0.0030411440056257013
2025-03-14,-0.0013650129511555112
2025-03-15,0.004419499490113415
2025-03-16,0.008706777523346783
2025-03-17,-0.0038259435487862413
2025-03-18,-0.0017698357670303594
2025-03-19,-0.010263878041342652
2025-03-20,-0.013138839382871241
2025-03-21,-0.013281507393083652
2025-03-22,-0.0074951355528026405
2025-03-23,-0.0011822053436555502
2025-03-24,-0.009723552006080905
2025-03-25,-0.0020243749775907204
2025-03-26,-0.0037537327586165585
2025-03-27,0.0005788069999631755
2025-03-28,0.007342812983354234
2025-03-29,0.01901438976962977
2025-03-30,0.0295731170857094
2025-03-31,0.023184708937599045
2025-04-01,0.030692791212865785
2025-04-02,0.02639139312794147
2025-04-03,0.025936725851375443
2025-04-04,0.02603705704947927
2025-04-05,0.029639200038584904
2025-04-06,0.0312805899133849
2025-04-07,0.015729028765650764
2025-04-08,0.014437147792559925
2025-04-09,0.0022842289597746167
2025-04-10,-0.004537286709504947
2025-04-11,-0.008854472356590235
2025-04-12,-0.007350162566881448
2025-04-13,-0.005235710626773775
2025-04-14,-0.017638102467661038
2025-04-15,-0.013171860620167414
2025-04-16,-0.017218308858273617
2025-04-17,-0.014048644426894406
2025-04-18,-0.007148353948985996
2025-04-19,0.005977496293323258
2025-04-20,0.019187063464383206
2025-04-21,0.016392658244531257
2025-04-22,0.028082852818569856
2025-04-23,0.02814275157911752
2025-04-24,0.0318229001101018
2025-04-25,0.03548553421497217
2025-04-26,0.04183647756601275
2025-04-27,0.045303319319717004
2025-04-28,0.030677138686127293
2025-04-29,0.029544548384712398
2025-04-30,0.016987122327406273
2025-05-01,0.009413910267910183
2025-05-02,0.004173971474416642
2025-05-03,0.004675722868304018
2025-05-04,0.005689574657784859
2025-05-05,-0.008038248459997316
2025-05-06,-0.005330288592995701
2025-05-07,-0.011807795502783658
2025-05-08,-0.011951432261566633
2025-05-09,-0.009362257702030074
2025-05-10,-0.0015153288602694688
2025-05-11,0.0056518093007119205
2025-05-12,-0.003571677221319699
2025-05-13,0.0018179134676783997
2025-05-14,-0.0037038923418045034
2025-05-15,-0.004303163755249456
2025-05-16,-0.0031296392106337436
2025-05-17,0.002835920275141526
2025-05-18,0.008103837515340918
2025-05-19,-0.0027050773857424286
2025-05-20,0.0015889688801003813
2025-05-21,-0.004522176060482318
2025-05-22,-0.005319341959545113
2025-05-23,-0.004144934603813749
2025-05-24,0.0018145332383913593
2025-05-25,0.006912357611617456
2025-05-26,-0.004293712983287933
2025-05-27,-0.0005740710464443208
2025-05-28,-0.007285613789420723
2025-05-29,-0.00849569906174716
2025-05-30,-0.007329393163763884
2025-05-31,-0.0008163857511373149
2025-06-01,0.00543742483487997
2025-06-02,-0.004118328196953087
2025-06-03,0.0014882461940053746
2025-06-04,-0.003472168677384673
2025-06-05,-0.00348752239475279
2025-06-06,-0.0020643704631381045
2025-06-07,0.003517130971694215
2025-06-08,0.007609730162615787
2025-06-09,-0.005122325951912988
2025-06-10,-0.0032338492705524073
2025-06-11,-0.011769209579092457
2025-06-12,-0.014413279004759316
2025-06-13,-0.01387923214404036
2025-06-14,-0.006806173940237581
2025-06-15,0.0015137435050197488
2025-06-16,-0.00428651460222282
2025-06-17,0.006773647807056447
2025-06-18,0.008771185879505072
2025-06-19,0.016816210159747394
2025-06-20,0.026811502071979226
2025-06-21,0.040742429774995134
2025-06-22,0.05215054297767141
2025-06-23,0.04489495067955451
2025-06-24,0.04971114982627617
2025-06-25,-0.004369422756702818
2025-06-26,0.0009910464505263703
2025-06-27,0.002985588811991031
2025-06-28,0.025798484321921323
2025-06-29,0.006860168390759513
2025-06-30,0.002350616740234154
2025-07-01,-0.0008313860479318867
2025-07-02,-0.0074384294896849765
2025-07-03,-0.01652737328070704
2025-07-04,-0.016142248000360796
2025-07-05,-0.008737245259533254
2025-07-06,-0.0004473519111085301
2025-07-07,-0.007413245130878954
2025-07-08,0.00079056640131526
2025-07-09,-0.0019822031941028554
2025-07-10,-0.00045537198024920254
2025-07-11,0.0018201864959199593
2025-07-12,0.007681441239384577
2025-07-13,0.011697429644547798
2025-07-14,-0.0012322160674466415
2025-07-15,0.0005118886756239633
2025-07-16,-0.008064739309630607
2025-07-17,-0.010753490273125102
2025-07-18,-0.010523855000562875
2025-07-19,-0.00437577498403912
2025-07-20,0.002009365854824325
2025-07-21,-0.007060371658137804
2025-07-22,-0.0007737426713313733
2025-07-23,-0.004996466941890234
2025-07-24,-0.004299042534501245
2025-07-25,-0.0022072235374229203
2025-07-26,0.004030824150609496
2025-07-27,0.008820799043539046
2025-07-28,-0.003139518526905846
2025-07-29,-0.0004307907664671273
2025-07-30,-0.008211235116645215
2025-07-31,-0.010375871734677827
2025-08-01,-0.009927363257406457
2025-08-02,-0.0038317322810255067
2025-08-03,0.002315563959153066
2025-08-04,-0.0070624946318361805
2025-08-05,-0.0010369029395279588
2025-08-06,-0.005377134227931805
2025-08-07,-0.004597285393333001
2025-08-08,-0.002216006755750339
2025-08-09,0.004476862840032049
2025-08-10,0.00980632788461871
2025-08-11,-0.0016328772793654943
2025-08-12,0.0014733674655256286
2025-08-13,-0.006120678265725559
2025-08-14,-0.00836386570545762
2025-08-15,-0.00826954864615563
2025-08-16,-0.002769785791366385
2025-08-17,0.0026122510485688047
2025-08-18,-0.007602573638203557
2025-08-19,-0.0023783744409742132
2025-08-20,-0.0073861707323041575
2025-08-21,-0.007065220664425772
2025-08-22,-0.004893399011065174
2025-08-23,0.0018420110079660624
2025-08-24,0.007432854697119697
2025-08-25,-0.003586655265414822
2025-08-26,2.212067499372957e-05
2025-08-27,-0.007062953273690258
2025-08-28,-0.008854922612259184
2025-08-29,-0.00840921016097414
2025-08-30,-0.002672659244715474
2025-08-31,0.0028438148492346722
2025-09-01,-0.0073049064928800665
2025-09-02,-0.002036226188021988
2025-09-03,-0.006972734513347133
2025-09-04,-0.006514304100342874
2025-09-05,-0.004117023109328828
2025-09-06,0.0029311630874843553
2025-09-07,0.00889860778912112
2025-09-08,-0.0017227876758233625
2025-09-09,0.0022520210698800894
2025-09-10,-0.00455438645246687
2025-09-11,-0.006202154535862129
2025-09-12,-0.005777221374919852
2025-09-13,-0.00023487153162993907
2025-09-14,0.00492933513148696
2025-09-15,-0.005692782680162062
2025-09-16,-0.0009657422358220979
2025-09-17,-0.0064512728048317525
2025-09-18,-0.006489302235587917
2025-09-19,-0.004485205967366301
2025-09-20,0.0023081140172319346
2025-09-21,0.008174723026119341
2025-09-22,-0.002397621461647251
2025-09-23,0.001754542831016472
2025-09-24,-0.00478053971298165
2025-09-25,-0.006104142113354146
2025-09-26,-0.005343997160585582
2025-09-27,0.0005074382538691313
2025-09-28,0.00592576802469557
2025-09-29,-0.004515903091087731
2025-09-30,0.0003092280431502177
2025-10-01,-0.005160771813596763
2025-10-02,-0.005259957256270495
2025-10-03,-0.003384290792714812
2025-10-04,0.0032242115593229953
2025-10-05,0.008860770019822124
2025-10-06,-0.001975673043222456
2025-10-07,0.001890098076225922
2025-10-08,-0.004940445910898661
2025-10-09,-0.006553128228255836
2025-10-10,-0.00605789943904632
2025-10-11,-0.00042795908384228197
2025-10-12,0.004831137821486784
2025-10-13,-0.005691780760323613
2025-10-14,-0.0008603355169377685
2025-10-15,-0.006235740207843192
2025-10-16,-0.0061619029038545246
2025-10-17,-0.004055386294865944
2025-10-18,0.0028121058526775575
2025-10-19,0.008700455212897154
2025-10-20,-0.0019275911707076201
2025-10-21,0.0020715511144889995
2025-10-22,-0.0047225856398509436
2025-10-23,-0.00640417341709644
2025-10-24,-0.006076037746392022
2025-10-25,-0.0006893693847654245
2025-10-26,0.004284068632621735
2025-10-27,-0.006526512827538087
2025-10-28,-0.0019442258337420068
2025-10-29,-0.0074963020126322675
2025-10-30,-0.007504868145600155
2025-10-31,-0.005380569392823602
2025-11-01,0.0015940016884212877
2025-11-02,0.007653053447214351
2025-11-03,0.0038890407228334718
2025-11-04,0.002171439749338793
2025-11-05,-0.009242595605017686
2025-11-06,-0.002168271853629544
2025-11-07,-0.006537408868498696
2025-11-08,0.0021614667752538324
2025-11-09,0.006943398800232283
2025-11-10,-0.007318298355718138
2025-11-11,0.00010694112525039138
2025-11-12,-0.01754766989227379
2025-11-13,-0.003722705284305387
2025-11-14,-0.006318965472295823
2025-11-15,0.0056751135988391856
2025-11-16,0.0175116448926588
2025-11-17,-0.00371310317093594
2025-11-18,0.0034446440994512248
2025-11-19,-0.012999418612714076
2025-11-20,-0.0013454186238279985
2025-11-21,0.0013456908123519722
2025-11-22,0.005008913792511437
2025-11-23,0.010538738778702239
2025-11-24,-0.008439639490297274
2025-11-25,-0.0008424755347611682
2025-11-26,-0.007778881308888875
2025-11-27,-0.00714361912676404
2025-11-28,0.03471792099855642
2025-11-29,-3.738148114532493e-05
2025-11-30,0.006069029596351555
2025-12-01,-0.00409894068028873
2025-12-02,0.0005344904968642371
2025-12-03,-0.005562951209736212
2025-12-04,-0.006598658202318778
2025-12-05,-0.005770961541388185
2025-12-06,-9.364492785777156e-05
2025-12-07,0.004940578777631135
2025-12-08,-0.0060174326487730185
2025-12-09,-0.001733245205411336
2025-12-10,-0.007653489658185325
2025-12-11,-0.004465113451345086
2025-12-12,-0.00614554577470449
2025-12-13,0.0027359498417877854
