ds,yhat,yhat_lower,yhat_upper,probable_sale
2012-01-02 01:36:28,-0.12901502460814065,-0.46509225188304937,0.20365951352236256,False
2012-01-03 09:07:37,-0.03917665137336135,-0.36452266976949504,0.27316512955142747,False
2012-01-06 14:17:04,0.17430091397037156,-0.1728792819219118,0.5153084598660801,False
2012-01-11 07:57:26,-0.0856161703369683,-0.40717323423012236,0.2291562238177418,False
2012-02-03 00:13:51,0.3185658859766429,-0.0041189746433546535,0.6366956754625808,False
2012-02-12 23:43:45,-0.16867336760672164,-0.5029542002163385,0.17249270346719034,False
2012-02-21 14:50:05,-0.18482647638250488,-0.535247403276511,0.15153885593692315,False
2012-02-24 11:45:23,-0.21176358598778408,-0.538540623818375,0.14022411502209634,False
2012-02-27 02:26:09,-0.24315739532359376,-0.5527091567495889,0.10213885974180822,False
2012-03-01 21:10:06,-0.05419630082993665,-0.38483703620001786,0.2679912285012311,False
2012-03-01 23:59:36,-0.040760641363483674,-0.3692741300969152,0.27588944990386144,False
2012-03-07 12:32:52,-0.21830856651402136,-0.5452748743173129,0.12207591048532426,False
2012-03-14 07:18:31,-0.2739952321476972,-0.5961358988943192,0.0477152286650446,False
2012-03-15 12:30:43,-0.20575529704831805,-0.5241958842399131,0.12162214216148752,False
2012-03-17 05:17:46,-0.14317281760225925,-0.44925344870131445,0.18539210161073733,False
2012-04-03 21:39:49,-0.12359409912650676,-0.46530564702856136,0.1982674204426736,False
2012-04-09 13:28:23,-0.28978075467566833,-0.609731145554125,0.06410760541660061,False
2012-05-08 04:42:10,-0.14470816109242954,-0.47758797773233924,0.18414721267594522,False
2012-05-09 13:26:35,-0.22084154539522305,-0.5559521022905484,0.1116201842077445,False
2012-05-11 04:01:11,-0.15664931392887907,-0.46857153808746377,0.16464406906080478,False
2012-06-04 07:07:34,-0.5979480157314963,-0.9206289945347268,-0.2593268367973424,False
2012-06-08 23:39:41,-0.05603029104526151,-0.3973669452559259,0.2522888140837442,False
2012-06-14 13:19:27,0.31226680039322835,-0.011017644745793411,0.6462721800059721,False
2012-06-25 06:25:42,0.22635235560378358,-0.11448977136105222,0.5650647554683427,False
2012-07-23 07:29:57,-0.0023886293469423947,-0.347168163989894,0.31888832885762675,False
2012-08-28 04:07:21,-0.31872755425720994,-0.6544127757607421,0.017947846721826234,False
2012-09-15 12:53:41,0.15952620450887173,-0.17243328181699302,0.5114956364589356,False
2012-09-19 06:23:03,-0.04712984527669317,-0.36506012115390885,0.26966174217950734,False
2012-09-20 09:12:30,-0.08911884624375292,-0.42249797011932483,0.24930119671247525,False
2012-09-22 03:03:52,-0.06818883059499695,-0.38613006138309064,0.23976913262738025,False
2012-09-23 12:00:22,-0.02484491648409254,-0.35889858950083775,0.29369165382630374,False
2012-09-23 21:30:21,-0.07405824285055554,-0.42737024906436555,0.25187845508786977,False
2012-09-24 13:18:39,-0.13262630190739494,-0.46481668303808676,0.18789438740928013,False
2012-09-25 02:49:44,-0.10173437760363153,-0.4546111969187932,0.23399703579835518,False
2012-09-25 10:33:54,-0.08035426229181386,-0.40638647578589066,0.23850314267763129,False
2012-09-29 23:47:53,-0.051440718946552416,-0.39764356834199405,0.26724953751073255,False
2012-09-30 08:14:25,-0.04771715758006685,-0.37792142127132256,0.30772781406875754,False
2012-09-30 17:37:28,-0.07985053029856909,-0.4209813861013047,0.24287764920594762,False
2012-10-02 08:49:25,-0.062622077219983,-0.3990590357350372,0.24539164536302366,False
2012-10-02 16:33:34,-0.04330855677013987,-0.38248919220732314,0.2781041845845964,False
2012-10-03 01:31:44,-0.053402186404100285,-0.38834308737302703,0.27130286255785,False
2012-10-05 12:16:10,0.08194606439596731,-0.284517244311648,0.41663027755013704,False
2012-12-06 14:35:08,-0.010774193564364043,-0.32332656776061935,0.35055229395775334,False
2013-01-14 22:54:30,0.03215045600274044,-0.2979639469273872,0.36940755114867285,False
2013-01-16 17:56:27,0.12006613330398219,-0.21757298881129222,0.4504103997611177,False
2013-02-08 08:01:57,0.019544606224575434,-0.326654790760695,0.33840762739215036,False
2013-02-19 17:30:54,-0.09139556099196236,-0.4387597435009775,0.23298942298455422,False
2013-03-02 05:43:28,0.04836651062371558,-0.3040806046893006,0.37620247524615197,False
2013-03-28 02:32:25,-0.19998447876345815,-0.5391455066066988,0.13050820030324978,False
2013-04-02 15:35:41,-0.03697759050345471,-0.37424511764134466,0.3090237263147641,False
2013-04-08 12:11:53,-0.167032747292641,-0.5208796787157589,0.16142126275443353,False
2013-04-08 23:03:18,-0.16200077474981014,-0.5132519550222259,0.1586101889665813,False
2013-04-09 20:51:03,-0.16549919039828545,-0.4932457113599151,0.1539675742801734,False
2013-04-20 16:08:45,-0.46925183736607945,-0.797749737052611,-0.13024605246933252,False
2013-04-30 03:53:48,-0.12259840124819148,-0.4420543200749339,0.20187827866579092,False
2013-05-03 00:47:25,-0.060020777388126986,-0.35189470038416376,0.2995497768275023,False
2013-05-04 06:29:39,-0.08004952844172761,-0.4103276746267117,0.2529728281638321,False
2013-05-04 06:32:55,-0.07995836981605632,-0.42828968881598306,0.2326170312075254,False
2013-05-16 15:43:33,-0.2008444104552256,-0.5090318063238595,0.11136107541848116,False
2013-05-21 17:42:09,0.027844107040098418,-0.3166288501311616,0.3546205789630819,False
2013-06-21 10:05:27,-0.136423731123371,-0.4758391501345947,0.2071399752026655,False
2013-06-21 23:41:34,-0.12788672255528444,-0.4579749975619453,0.23323276547379376,False
2013-06-22 19:30:29,-0.006223683829823454,-0.2997406378289503,0.3250261064262715,False
2013-07-14 23:29:26,-0.17292580282294817,-0.511393677877313,0.1360051298032577,False
2013-07-30 14:58:54,-0.09819097989181062,-0.4283021019612477,0.21854371100417586,False
2013-08-05 06:54:03,0.10006713138831068,-0.24337889798106432,0.4507396689519535,False
2013-08-06 07:40:08,0.15908149855490122,-0.1512210148882761,0.4934524767314147,False
2013-08-18 03:42:11,-0.08606471315423715,-0.39480557247109305,0.21522083642288245,False
2014-01-14 05:59:30,0.10453082618947138,-0.2624510328927181,0.43481164533600153,False
2014-01-25 05:23:56,-0.012818308746109786,-0.35139802792571867,0.3158050222575346,False
2014-01-27 11:33:27,-0.0010786640219812849,-0.329294053596695,0.35486469846348545,False
2014-02-07 08:28:22,0.12195639085286972,-0.20016029045151756,0.44323389037785726,False
2014-02-08 01:46:40,0.08241356858172008,-0.2614279997259553,0.3855776291439326,False
2014-03-03 11:04:40,0.12768176721232127,-0.2121069607746543,0.4580450313081818,False
2014-03-29 04:20:57,-0.03434271842270778,-0.3904133193726729,0.27076227263682145,False
2014-05-16 20:27:16,-0.0724457222213483,-0.40645944580157434,0.2557733974713557,False
2014-05-24 13:48:38,0.07342414933055069,-0.2606490895294997,0.4053564245431622,False
2014-06-25 03:48:54,0.2916622115738863,-0.05951818427374174,0.6291096600027876,False
2014-06-25 12:37:56,0.30499608979392245,-0.03436589342303672,0.6295002032148919,False
2014-07-02 12:09:33,0.184439447962512,-0.13808463905756016,0.4953306203712707,False
2014-09-25 10:02:17,0.010803955780952279,-0.29379864207891754,0.3520516338443251,False
2014-10-09 21:18:55,0.09485152367337595,-0.2427154502325967,0.4346303393318448,False
2014-10-12 23:17:44,-0.13833342443297075,-0.47281899660770366,0.18681503876664787,False
2014-10-18 17:03:02,0.18426302686476373,-0.15562863810863575,0.5415746293205189,False
2014-11-01 11:41:16,-0.22961960641898077,-0.5618853959672903,0.08798020022306384,False
2014-12-18 15:53:00,0.09025040615795854,-0.24971940220577674,0.4324697847353677,False
2014-12-28 06:45:27,0.06130751590918779,-0.240095057078603,0.37039584835295736,False
2014-12-28 07:28:54,0.05954136446663,-0.2583870014831038,0.3629274085671175,False
2015-01-13 08:15:20,0.17961551682324728,-0.1844744439279287,0.5001569571228006,False
2015-01-14 06:09:07,0.1649641071339047,-0.14753573773439582,0.5086698884007237,False
2015-02-05 22:22:03,0.22153457048550224,-0.10554432755793701,0.5410894397187338,False
2015-02-07 00:47:02,0.17162050433597797,-0.1679367058318517,0.5139475675409484,False
2015-02-19 06:56:27,0.03302487854788329,-0.29350576512033844,0.36086242194275875,False
2015-02-26 02:15:39,-0.094243949301583,-0.4130932807183266,0.23343111616189388,False
2015-02-27 02:30:45,0.035779445894922435,-0.2760964652750148,0.32979291411492684,False
2015-02-27 08:06:28,0.047404513439725904,-0.2781359290057077,0.3819560026843778,False
2015-02-28 06:48:35,0.08854535866193,-0.24446432264839768,0.4328296307218307,False
2015-03-01 08:49:32,0.21342979687370225,-0.1040973396216213,0.5534672816908021,False
2015-03-11 03:18:00,-0.15028799873194065,-0.4782827446656551,0.1705209443137613,False
2015-03-14 20:22:32,-0.0063103266005829495,-0.33310485186461763,0.3081524091310481,False
2015-03-15 01:12:59,0.01537375857054138,-0.3165775738817344,0.34064644729174476,False
2015-03-19 19:39:58,0.02755111380524522,-0.3077001857915498,0.36924867272070566,False
2015-03-29 14:23:23,0.04907879836720927,-0.2673453426405472,0.39835592059185326,False
2015-05-12 08:02:31,0.069661953334854,-0.28209389680331404,0.39859130611991545,False
2015-05-12 22:18:06,0.06583851126437093,-0.2803770398695313,0.4040285571543949,False
2015-08-13 19:54:51,-0.1156423567490546,-0.43873033284962987,0.19836486713553464,False
2015-08-13 20:36:05,-0.11503097096509152,-0.43743612518388253,0.19544836539958757,False
2015-12-04 00:53:05,0.17462716098175193,-0.15321925080426635,0.48464782725180444,False
2016-01-11 21:42:14,0.2650671031295853,-0.06950843262115908,0.5847573885466049,False
2016-01-24 21:02:07,0.2345173167244703,-0.09282606599262028,0.5665453118024729,False
2016-01-28 20:49:02,0.34752306710714753,0.027838880298496106,0.6832531868282493,False
2016-02-27 18:21:37,0.16732369971123393,-0.17422204284050308,0.5040405518312807,False
2016-03-05 22:01:40,0.36353212626505815,0.045435407359929424,0.7100388584440595,False
2016-03-22 23:37:04,-0.029498852985419904,-0.3642754337589095,0.30097452268353947,False
2016-04-02 16:24:50,0.14807331309134544,-0.1633267598905359,0.45817151281442897,False
2016-04-16 19:43:56,-0.1278779466254311,-0.4199048068852345,0.21279217364850747,False
2016-04-22 02:36:43,-0.23416522444894752,-0.5714295216350391,0.09038089652501222,False
2016-08-28 15:33:31,0.027028476511499228,-0.2876727991775787,0.37869952677484,False
2016-10-04 08:22:37,0.2879805631786235,-0.03153129140677912,0.599841642119711,False
2016-11-07 09:04:19,0.2569708194170396,-0.06642560932164814,0.6010741373057945,False
2016-11-20 04:37:57,0.41140287805611464,0.09332565918512653,0.7330174988844815,False
2016-12-06 05:26:28,0.2766073917509686,-0.042076261428358186,0.6090662240066904,False
2017-01-12 18:13:07,0.38643037665812174,0.0762233819138063,0.7230370281724309,False
2017-02-04 19:52:58,0.3459713850379342,0.03754901963956175,0.6726411074848156,False
2017-02-18 17:05:01,0.31729489725504695,-0.02158976980909193,0.645180602383921,False
2017-02-18 17:06:33,0.31735843858639246,0.002678569420918833,0.6386775741623185,False
2017-03-04 23:23:55,0.5233002631295042,0.2017269448436165,0.8615603375312836,False
2017-04-07 15:18:07,0.21524320366109606,-0.11530713473357267,0.5589536928380493,False
2017-05-24 16:31:54,0.14100918980062327,-0.17833329793260116,0.46411850020862105,False
2017-05-29 06:43:22,-0.27664465815493045,-0.6161301608753711,0.050276799323108065,False
2017-06-06 03:24:09,-0.018394379292658414,-0.33265139938839117,0.30268994279140615,False
2017-06-19 19:37:04,0.20364629301696074,-0.15713587303347865,0.5331608482743532,False
2017-07-03 10:58:58,0.22532838139642253,-0.11705149517061439,0.5514319770254609,False
2017-07-08 06:23:54,0.2185593813793248,-0.10817172813971147,0.5377158815434904,False
2017-07-09 08:58:51,0.30521027720048866,-0.03668224216916597,0.624819451262217,False
2017-07-15 15:45:46,0.2966869234900132,-0.022625262452635176,0.6217501939097452,False
2017-10-14 08:45:58,0.1928583495340414,-0.14011925698337446,0.5346683425514033,False
2017-10-30 19:12:47,-0.1779641708870549,-0.5325334036753291,0.1643999898575453,False
2017-11-05 02:00:09,0.2107713118385341,-0.12361562246626358,0.5313297170922022,False
2018-02-24 08:31:37,0.20438688859434784,-0.1282523316666293,0.530102246570056,False
2018-02-26 09:50:29,0.19017639706550415,-0.1716293442704238,0.5393113428156071,False
2018-03-11 01:01:16,0.12030249667111045,-0.22373881219817834,0.45857455299011746,False
2018-03-16 10:41:25,0.2351976924154049,-0.1138027617924969,0.5376697118407378,False
2018-05-04 18:37:20,0.011664040547768428,-0.3330913730461375,0.35495066068332815,False
2018-05-04 18:47:58,0.011064925864177566,-0.3297643540362475,0.35139725855199583,False
2018-05-09 06:05:46,0.1180798369502056,-0.21470896868406386,0.45091994321834566,False
2018-05-27 14:21:49,0.04939727540281258,-0.27628262763479056,0.3756171792554166,False
2018-06-21 11:31:32,0.2816259081132594,-0.03746471781590533,0.6227318578225021,False
2018-08-04 02:46:22,0.17643612150083626,-0.1290397931939658,0.5188584949671073,False
2018-08-12 06:28:41,0.3651206040406718,0.0237068828114656,0.7035757161624452,False
2018-10-21 04:57:38,0.563799723240232,0.2221008688077274,0.8941443225445661,False
2018-10-30 13:27:06,-0.04773868054588437,-0.3807712811014145,0.2619959523121809,False
2018-11-18 02:15:14,0.19341241527497544,-0.13514647751762868,0.5275474208609802,False
2018-11-20 04:36:34,0.4082667309488012,0.07940033279281307,0.721760000130058,False
2018-12-06 05:29:24,0.34655839633186425,0.010791927402212685,0.6938191340405229,False
2019-02-24 17:36:06,0.2905231983455979,-0.04517438558926816,0.6267349595329162,False
2019-03-01 13:04:29,0.5590253334458876,0.21835846251037686,0.8961890727581862,False
2019-03-07 07:27:41,0.4244479237556338,0.08642177578370998,0.7461927964102115,False
2019-03-07 20:25:27,0.42794154542522045,0.07682137291124921,0.741896863571212,False
2019-04-22 18:09:30,-0.056533216929260166,-0.3640512119731578,0.2822203188853339,False
2019-06-26 14:04:59,0.6904949946208727,0.3550556947030623,1.0098591119473674,False
2020-02-24 23:03:12,0.30185573100187973,-0.034223130620774686,0.6254382530504308,False
2020-02-28 02:07:50,0.5113672223880308,0.176348364581258,0.8518820413528199,False
2020-03-11 01:52:24,0.12918329979976073,-0.1982586179392935,0.4406811748995521,False
2020-05-18 01:08:37,0.5546488652752649,0.22610368206327325,0.8721938593147202,False
2020-05-27 03:59:16,0.11854904616590711,-0.20508278621801818,0.439036999359624,False
2020-05-27 03:59:48,0.11847129369841991,-0.2123327047302545,0.43584225738450016,False
2020-08-14 00:32:53,0.3938114518532295,0.07655353019048527,0.7024783626576835,False
2020-09-01 18:38:42,0.55783635918177,0.24244679710239023,0.8927359083834687,False
2020-10-01 01:56:39,0.1785421054529185,-0.15559357182239464,0.5025974414536774,False
2020-10-26 19:23:41,0.32644342274136595,0.01501718142168472,0.6798539044846091,False
2020-11-01 01:07:24,0.037695090698865674,-0.3059914287317877,0.3591684195425162,False
2020-11-11 23:49:51,0.4370912520793723,0.09417537570701467,0.7805325361094572,False
2020-11-28 20:10:59,1.0284865970788328,0.6956057539859027,1.368591747309278,False
2021-01-20 04:21:52,0.83850246017584,0.5055834997689891,1.1812908772921036,False
2021-01-26 09:04:57,0.8413809458403047,0.4873635302119872,1.1800225261060358,False
2021-01-31 05:45:19,0.6985647684591638,0.34865637892096896,1.0250959682814127,False
2021-02-27 05:50:51,0.584953693484382,0.23182199587271562,0.9228139904294381,False
2021-02-28 10:45:35,0.7466854871869022,0.40589156033761686,1.0822835576676584,False
2021-03-06 05:23:51,0.7041282372636348,0.3911318672544129,1.0338588642701827,False
2021-03-12 06:07:09,0.22567325901331625,-0.0884483712167119,0.5323715646544027,False
2021-04-10 05:52:17,0.5112464231592099,0.17774345492559587,0.8508957148126687,False
2021-04-26 15:18:38,0.6201171334765536,0.2958896423777915,0.9721851183119166,False
2021-06-15 14:00:56,0.8890416774099787,0.5751952369100396,1.2297248542291663,False
2021-06-24 11:08:38,0.7271736321081985,0.4061392292422193,1.0385814280473407,False
2021-07-27 15:48:22,0.9210804536577437,0.562444930889721,1.240264619277206,False
2021-08-02 21:03:13,0.18794165208841818,-0.16766546752238107,0.516495938444477,False
2021-08-02 21:08:25,0.1880692673643672,-0.1457384844921831,0.5190940078062596,False
2021-08-03 09:04:45,0.2160309674438216,-0.12691210732031155,0.5347198984336476,False
2021-09-24 22:03:16,0.4750035339743897,0.14502005708051469,0.7897094306687199,False
2021-09-25 12:35:35,0.4347542574862644,0.10501857023993386,0.7867521757265256,False
2021-11-24 14:05:55,1.1218853801653106,0.7859919671311226,1.4292984963076794,False
2021-12-01 04:01:06,0.8514080974935722,0.5390573475444641,1.2001219545538164,False
2021-12-03 10:06:53,0.7205082272588755,0.41118833658669407,1.0467738708249756,False
2021-12-05 20:22:55,0.6408826850969361,0.33013753079415964,0.9730831465828659,False
2021-12-10 17:47:59,0.9269218047608143,0.5949470791118858,1.2584247632006358,False
2022-01-10 13:35:39,0.8639360142836243,0.5394913578270852,1.1933300894157526,False
2022-01-22 08:39:58,0.9365170138862665,0.5979432122483005,1.2706956156247118,False
2022-01-23 09:07:59,0.9850608932805542,0.6558570830613026,1.3291498658539536,False
2022-01-26 21:30:54,0.8639614360610174,0.544381122603654,1.2107022927484845,False
2022-02-16 08:12:58,0.7681196649740221,0.44021395041067773,1.0879094081554315,False
2022-03-01 17:26:53,0.8765178864328048,0.55956903259697,1.2026247382267479,False
2022-03-03 12:37:16,0.9161313563793276,0.5824154946061261,1.233578900255572,False
2022-03-18 07:00:50,0.6279248133832167,0.29673831826772507,0.9516362876074934,False
2022-03-20 19:16:25,0.6566875922586475,0.3147762580663773,0.987144974852048,False
2022-04-06 21:57:44,0.4991903710837502,0.17767479861918348,0.8164071628334079,False
2022-04-30 10:36:20,0.6861664766233572,0.34658820507809257,1.03154291037671,False
2022-05-07 17:12:21,0.2617319707841398,-0.06436892197462116,0.6039895957177888,False
2022-06-13 03:47:06,0.8762544768547544,0.5598516576784649,1.2050718489395422,False
2022-06-16 11:13:15,0.8920253661090578,0.5602070362747087,1.239968266821605,False
2022-06-16 11:13:17,0.8920272265844191,0.539783326508285,1.2300341329307478,False
2022-06-26 02:40:05,0.9654958264336899,0.6291847035120027,1.2824857926074495,False
2022-06-26 02:40:06,0.9654964868265479,0.6270226756083106,1.2850919694172704,False
2022-06-26 06:45:31,0.9708349703609949,0.6707742491464488,1.3071768103460069,False
2022-06-26 11:17:28,0.9662223011089839,0.6303758197332106,1.2951154058023429,False
2022-07-02 02:39:48,0.690743415177249,0.3662178913967925,1.0041818574463484,False
2022-07-07 11:59:09,0.5272027182295025,0.1858997768791731,0.8718943870153015,False
2022-07-12 12:06:51,0.7779016030228169,0.43851282034488365,1.104575353497021,False
2022-08-04 14:48:09,0.23352929538334732,-0.08233468234011787,0.5612267282914475,False
2022-08-18 14:24:52,0.7158133943310623,0.40611536312398805,1.0622063089673557,False
2022-09-04 17:15:01,0.9180528749875492,0.5781553230896898,1.2619726553314072,False
2022-10-17 23:02:41,0.7531115765285203,0.4069270470680965,1.0783144591792715,False
2022-10-21 03:26:54,0.8395264357917697,0.5097498395872628,1.1758865866676225,False
2022-10-25 08:11:49,0.7488503330298075,0.4171958762427541,1.0993562761513385,False
2022-11-06 18:34:20,0.5630032972079796,0.2606593712323583,0.9065482645616602,False
2023-01-29 06:51:16,1.0016217316038576,0.6708575733732788,1.323333803463775,False
2023-02-24 05:47:03,0.5760931819214528,0.25045363734345955,0.9106621866836161,False
2023-02-25 01:53:05,0.5754806220292846,0.2154352047461022,0.8829962584599881,False
2023-02-28 03:53:12,0.7894368699705254,0.47233811208003557,1.1408838038453346,False
2023-03-02 05:31:31,0.9203855913690462,0.5870861874746768,1.2330443465596523,False
2023-03-07 12:43:00,0.747669716872445,0.4355613649462376,1.080377084859549,False
2023-03-15 17:01:49,0.4009300687928221,0.06882995304269272,0.7008273710116072,False
2023-03-16 11:38:30,0.5132544816102458,0.15508730237467694,0.8542147189434576,False
2023-03-22 12:43:46,0.6035296035819014,0.24066622103774887,0.9358613825474106,False
2023-04-06 16:39:59,0.6459742040659929,0.3088591223278376,0.950544188309286,False
2023-04-16 15:44:40,0.5906994356777239,0.2557733329085372,0.912510098371423,False
2023-04-20 14:53:07,0.24639766887101588,-0.10120200745767638,0.581362390596578,False
2023-05-29 10:17:44,0.2634445933326307,-0.05782139048899407,0.5764898065064162,False
2023-06-01 10:43:06,0.27310898310165477,-0.06247759416014127,0.5871233342445947,False
2023-06-01 11:39:38,0.2790201894833888,-0.042552932435383536,0.6107991496045383,False
2023-06-06 15:15:31,0.4429657340670266,0.10186854457746833,0.7798836117626573,False
2023-08-22 09:09:54,1.0886897068091868,0.7732559128094543,1.3956721747232845,False
2023-09-01 23:13:02,0.790691594008188,0.45135363730219974,1.1251309030907837,False
2023-10-19 17:19:53,0.8766349729081002,0.5598634723378759,1.236768786060734,False
2023-10-25 23:31:24,0.7665024533326069,0.44734269467783067,1.124251618846716,False
2023-10-27 01:59:41,0.7804382367215952,0.470856577926336,1.126490535375664,False
2023-10-30 06:11:16,0.27851474017440936,-0.07177915758745024,0.6033771177100481,False
2023-10-30 06:11:17,0.27851194279098807,-0.0518322356897675,0.6107053886329077,False
2023-11-13 11:45:06,0.7177973010156148,0.3692871149356379,1.0387030786242823,False
2023-12-02 22:27:39,1.0154359574281409,0.6681406615859597,1.3714453559820947,False
2023-12-09 01:37:44,0.8729755532492706,0.52860883447709,1.184347513237135,False
2024-03-07 19:12:34,0.6687852366758079,0.3406243047087288,0.9875003153071179,False
2024-03-14 21:23:23,0.5564769687329374,0.21651800627728873,0.8898400416123714,False
2024-04-15 06:05:06,0.6619313611346963,0.3191152878903108,0.9834833098014029,False
2024-04-15 16:29:59,0.614413360243677,0.29247486750596013,0.9323249071068821,False
2024-04-16 23:39:42,0.5286488864386475,0.2293951010803457,0.8688227271328657,False
2024-05-03 20:04:31,0.13189348265763956,-0.19121006612284708,0.45904427033456907,False
2024-05-06 03:44:57,0.15529319296578314,-0.17126947736359366,0.4865551956794278,False
2024-05-06 11:37:05,0.17177603767233707,-0.1469054409806497,0.4809505455614108,False
2024-05-06 14:43:48,0.18839124352420844,-0.145017162614468,0.5092094483390551,False
2024-05-07 01:17:38,0.27968644255780095,-0.03977260714965256,0.6196097438953027,False
2024-05-07 17:20:42,0.4216766858942531,0.09896431952704934,0.7551859929828689,False
2024-05-20 03:51:38,0.9140827297745573,0.584562510033272,1.2556381931399965,False
2024-05-20 16:16:35,0.8852865800860159,0.5464404780628073,1.2198044906337564,False
2024-05-20 20:37:00,0.8910513595348751,0.5277615510186647,1.210223676402108,False
2024-05-22 06:01:30,0.8385614006173796,0.5305684808812378,1.165648412768731,False
2024-05-28 14:43:48,0.41313166513917304,0.0660839245329913,0.7307791193469642,False
2024-06-15 11:33:56,1.1276815031975909,0.7887176114610424,1.4815991333604819,False
2024-06-17 17:49:35,0.9592262516689113,0.621525533402993,1.2971615956534635,False
2024-06-19 16:24:22,0.825371424444256,0.47278549344074666,1.1595104729940986,False
2024-06-22 10:00:11,0.9074797855232806,0.5765131051510194,1.2088011345423637,False
2024-07-14 06:37:25,1.0735079630315751,0.7471943854990574,1.447005903952729,False
2024-07-15 22:46:55,0.9237324015516227,0.6057232526124132,1.2620091894168946,False
2024-07-16 18:45:44,0.9270939615481723,0.5845460037749649,1.2506935476023187,False
2024-07-22 18:05:48,1.067644313421539,0.7232464032358402,1.422042705306347,False
2024-08-07 21:36:53,0.7266416019747086,0.3855333159664047,1.0604763716702479,False
2024-08-11 16:28:15,0.9829906269385047,0.6767135523228702,1.3229805741370995,False
2024-08-13 03:23:17,0.8402654112142858,0.49931004065215434,1.1574491243450276,False
2024-08-23 08:24:02,1.132242388305078,0.8084520175355672,1.4636365410490695,False
2024-08-23 08:24:43,1.1322036985049584,0.8058917063176343,1.455448173991621,False
2024-09-01 08:56:38,0.9554848829857855,0.6071198480170636,1.285322329436105,False
2024-09-01 09:16:33,0.955687697236284,0.6012843387746059,1.2770861816104888,False
2024-09-08 23:36:32,0.9133746026286567,0.5795016455503564,1.2340626105122967,False
2024-09-13 07:03:38,0.9257909912234709,0.5809589732557136,1.2505439075131715,False
2024-09-15 11:00:12,1.0660222821443768,0.7262682436986703,1.4210837361226134,False
2024-09-22 01:16:21,1.0190100944318334,0.7022975450212018,1.3379726672503103,False
2024-09-22 01:23:25,1.0186367348171235,0.7086641541863853,1.3583375987424724,False
2024-09-24 06:12:54,0.6542993298832582,0.3167437242855307,1.004998099665297,False
2024-10-03 19:46:24,0.8173249636628583,0.46737459392520797,1.1406730313608642,False
2024-10-04 07:32:19,0.8847714453470037,0.5778199328561165,1.2300868960960059,False
2024-10-14 08:41:52,0.8700179951215983,0.5246794975416476,1.1813259113087082,False
2024-11-13 07:08:48,0.7634002917551744,0.44354378858430865,1.0829463235309111,False
2024-12-01 20:57:50,1.0824458728061996,0.7492670659860622,1.402143643486116,False
2024-12-16 13:34:44,1.0422189710905219,0.7111509808621502,1.368242160348885,False
2024-12-21 02:06:28,0.8639994401549944,0.5120527482437967,1.2221755845696793,False
2024-12-22 02:06:28,0.8670700875457753,0.5408153359020454,1.2085788786570513,False
2024-12-23 02:06:28,0.7047182090872545,0.37751285891667863,1.0405798482814,False
2024-12-24 02:06:28,0.6140913788667438,0.27290411121243907,0.9609027633185737,False
2024-12-25 02:06:28,0.5170595811909612,0.1747638447103394,0.8274959990164823,False
2024-12-26 02:06:28,0.36910699589162727,0.03995027757150022,0.7128026121194759,False
2024-12-27 02:06:28,0.3920222595679137,0.057317756340594134,0.7355924510313421,False
2024-12-28 02:06:28,0.3317977449201809,-0.008431906948211013,0.6461374465801026,False
2024-12-29 02:06:28,0.39356791263829793,0.07640858272237899,0.7334898302959738,False
2024-12-30 02:06:28,0.3496747121692433,0.030458693655587902,0.6746347118053804,False
2024-12-31 02:06:28,0.43475283621966404,0.10848897092496103,0.7711933197504658,False
2025-01-01 02:06:28,0.5554313962271504,0.23154487303656296,0.8917399144773036,False
2025-01-02 02:06:28,0.6413477942619834,0.3075241468692337,0.9851327669592805,False
2025-01-03 02:06:28,0.8828444371369674,0.5789409560388066,1.2027508088707946,False
2025-01-04 02:06:28,0.9955305477476284,0.6676965356883071,1.3089681084521185,False
2025-01-05 02:06:28,1.1618342931005579,0.8234718519355073,1.5135146919539022,False
2025-01-06 02:06:28,1.1439207513631395,0.8070362966246613,1.4832733658178137,False
2025-01-07 02:06:28,1.1806223149234412,0.8584485814586009,1.489292858061968,False
2025-01-08 02:06:28,1.19554202387465,0.8594185084603349,1.4989770264908517,False
2025-01-09 02:06:28,1.1435155209057946,0.8131001486240889,1.423663020011281,False
2025-01-10 02:06:28,1.2420732149694795,0.8912939256731243,1.590406123391638,False
2025-01-11 02:06:28,1.2297731897139494,0.90792678968338,1.5514726483268824,False
2025-01-12 02:06:28,1.30315815456662,1.000763131013916,1.6342520272165497,False
2025-01-13 02:06:28,1.2278257704396456,0.9174650957224025,1.564349296358128,False
2025-01-14 02:06:28,1.2365579338895558,0.896347025998862,1.5513941867532883,False
2025-01-15 02:06:28,1.2410917334086948,0.9018661007557018,1.5916976572879753,False
2025-01-16 02:06:28,1.1834554622099218,0.8500046022930056,1.5083059195756616,False
2025-01-17 02:06:28,1.2719525746127804,0.9365876844443811,1.6237933681572,False
2025-01-18 02:06:28,1.2422780246715752,0.9230124976651709,1.5650850654369464,False
2025-01-19 02:06:28,1.2947185445172895,0.973226656726641,1.6177372480260956,False
2025-01-20 02:06:28,1.202942481160032,0.8827705109257545,1.549092026023055,False
2025-01-21 02:06:28,1.2081463856236483,0.8548616080009078,1.5468502265312467,False
2025-01-22 02:06:28,1.2265131179456314,0.8935383932457566,1.5816673130694225,False
2025-01-23 02:06:28,1.1974057323088614,0.8644276925914575,1.5679155628494443,False
2025-01-24 02:06:28,1.3185460805390945,0.982398440151602,1.6288363316278127,False
2025-01-25 02:06:28,1.3091255695457586,0.9624217963238502,1.6281356699342908,False
2025-01-26 02:06:28,1.3513968699845762,1.0070013128360609,1.6674194674600555,False
2025-01-27 02:06:28,1.2050769257451794,0.8863917306354285,1.5328491153038852,False
2025-01-28 02:06:28,1.1067057040694328,0.7784057720888063,1.425689884270692,False
2025-01-29 02:06:28,0.9803099648720599,0.6577381272696994,1.3207793892274793,False
2025-01-30 02:06:28,0.7856791234392879,0.47281840684456666,1.1110685394487365,False
2025-01-31 02:06:28,0.7502141841165859,0.4160897588539848,1.0743216888053284,False
2025-02-01 02:06:28,0.6259494198450044,0.30682557762078166,0.9806393065786462,False
2025-02-02 02:06:28,0.6237345417883118,0.2607074382328402,0.9399226187809616,False
2025-02-03 02:06:28,0.5207563283747039,0.1947717628201651,0.864235366150438,False
2025-02-04 02:06:28,0.5553065541120381,0.23952067795361323,0.8827159973607849,False
2025-02-05 02:06:28,0.6363454536299247,0.32503966652338817,0.9617119195075234,False
2025-02-06 02:06:28,0.6944815938732734,0.3407053515965168,0.9961259547581094,False
2025-02-07 02:06:28,0.9196750194432298,0.5783020252827379,1.2693215419850692,False
2025-02-08 02:06:28,1.0258225015024958,0.674644812074298,1.352764249161436,False
2025-02-09 02:06:28,1.1923762997078344,0.8894766789833226,1.5358796617081116,False
2025-02-10 02:06:28,1.1774338988043638,0.8267809361892551,1.5077134020634402,False
2025-02-11 02:06:28,1.2150112803583093,0.8818863073619992,1.5417846800004698,False
2025-02-12 02:06:28,1.2236925050965972,0.8766249975819981,1.5603099182741396,False
2025-02-13 02:06:28,1.1538106527930796,0.8014532379878989,1.4839710156587482,False
2025-02-14 02:06:28,1.219699394541491,0.8871155093302683,1.560795488327156,False
2025-02-15 02:06:28,1.1587288681443153,0.840066411283304,1.5022927200236549,False
2025-02-16 02:06:28,1.1687072705932695,0.8512228585776247,1.5093797903381323,False
2025-02-17 02:06:28,1.0190010792998683,0.6777503293749664,1.3393196402708607,False
2025-02-18 02:06:28,0.9482639491868023,0.6466320906521665,1.265918066423861,False
2025-02-19 02:06:28,0.8754072943943516,0.5233764617054365,1.2112531089829308,False
2025-02-20 02:06:28,0.7498868883663022,0.4143616094510978,1.0682320652993176,False
2025-02-21 02:06:28,0.7866042534140467,0.47235046580741724,1.1095680954247593,False
2025-02-22 02:06:28,0.7261312629833228,0.3496353871426395,1.0349466362486985,False
2025-02-23 02:06:28,0.7713803464835339,0.40469745567653503,1.1032211442139566,False
2025-02-24 02:06:28,0.6962968319371214,0.35901952365444073,1.0456991014977417,False
2025-02-25 02:06:28,0.7402944657932939,0.4012221376797403,1.07269612225969,False
2025-02-26 02:06:28,0.8162443803061009,0.48067293007547696,1.154841484895971,False
2025-02-27 02:06:28,0.8592485654733533,0.5188052944211616,1.1968790018857787,False
2025-02-28 02:06:28,1.0622701945657127,0.7295064046084844,1.3829617404379007,False
2025-03-01 02:06:28,1.1394683545817479,0.7879625370405193,1.4967729155065341,False
2025-03-02 02:06:28,1.2677974230757307,0.9440959791837834,1.606977159348152,False
2025-03-03 02:06:28,1.2013204988819193,0.8652300860201125,1.5142739066328426,False
2025-03-04 02:06:28,1.1705650260254101,0.8497605492211023,1.4838375022090595,False
2025-03-05 02:06:28,1.0934480719034703,0.7509187919017943,1.3921908607683455,False
2025-03-06 02:06:28,0.9241756462816714,0.6069034481104804,1.2525689703329737,False
2025-03-07 02:06:28,0.8860384015908536,0.5644195613604838,1.2202468046514834,False
2025-03-08 02:06:28,0.7295149602147579,0.39680337902694085,1.0615151449442315,False
2025-03-09 02:06:28,0.667369135611769,0.35238326206958576,1.0025246749629173,False
2025-03-10 02:06:28,0.48258661287766724,0.15536670675024075,0.8144193484103932,False
2025-03-11 02:06:28,0.4227969856011399,0.09881134553819405,0.7552976832502908,False
2025-03-12 02:06:28,0.40863889184253066,0.05487948162610446,0.7275329528590023,False
2025-03-13 02:06:28,0.382825196484514,0.05819524532961831,0.7352497510822655,False
2025-03-14 02:06:28,0.5455753243557825,0.20813933861470396,0.8671630146469084,False
2025-03-15 02:06:28,0.6170869545349782,0.2717078508213641,0.9496450761599768,False
2025-03-16 02:06:28,0.777740076284697,0.4486236842302175,1.0962199461006255,False
2025-03-17 02:06:28,0.7808929550945164,0.43842938684514715,1.094334549452046,False
2025-03-18 02:06:28,0.8511553788610428,0.48634589728815525,1.1742388856157562,False
2025-03-19 02:06:28,0.8951827860414305,0.5785615134206498,1.242649586928546,False
2025-03-20 02:06:28,0.8516854983580845,0.5076948895082137,1.1907531800437596,False
2025-03-21 02:06:28,0.9265175145498739,0.5869537609605116,1.2445968255184239,False
2025-03-22 02:06:28,0.8538344669001714,0.537873189412824,1.189253689531257,False
2025-03-23 02:06:28,0.8343199313519063,0.5169273082250482,1.1952710667342483,False
2025-03-24 02:06:28,0.6455589913040289,0.31723691270079535,0.9764247373807949,False
2025-03-25 02:06:28,0.5375772264127074,0.2102012296265103,0.8921357706826049,False
2025-03-26 02:06:28,0.4406991369812237,0.12625979073331176,0.787985886122207,False
2025-03-27 02:06:28,0.3125976285859984,-0.026928473702696465,0.6575708851110865,False
2025-03-28 02:06:28,0.3707081590297534,0.017223922879039476,0.6992652227672248,False
2025-03-29 02:06:28,0.3514366364817474,0.039254791294651044,0.6817378258449058,False
2025-03-30 02:06:28,0.4476463150107596,0.12867535291571863,0.7699499166109774,False
2025-03-31 02:06:28,0.4198864286282251,0.09003512097666436,0.7457583144971612,False
2025-04-01 02:06:28,0.49449588598508143,0.15361061903338713,0.8244343753764062,False
2025-04-02 02:06:28,0.575460772862608,0.27815096127140926,0.9222745386682631,False
2025-04-03 02:06:28,0.5962107319408148,0.27244412412273905,0.9375205079309686,False
2025-04-04 02:06:28,0.7565385689491076,0.4336203940954211,1.0796473889162672,False
2025-04-05 02:06:28,0.7850059444748556,0.45954321908281026,1.095423912694845,False
2025-04-06 02:06:28,0.8774659859564276,0.5448601941993394,1.213116954248419,False
2025-04-07 02:06:28,0.8067923156035436,0.487844046541529,1.133134975023021,False
2025-04-08 02:06:28,0.8172186079090045,0.47984394288121507,1.1442794053663783,False
2025-04-09 02:06:28,0.8310747900057199,0.5120059959253576,1.1567779462226668,False
2025-04-10 02:06:28,0.795453211310274,0.47570911241494074,1.1291346786389187,False
2025-04-11 02:06:28,0.9154326931879508,0.592875311234162,1.2396610215182662,False
2025-04-12 02:06:28,0.915354717284904,0.5725145778736734,1.2363104161297023,False
2025-04-13 02:06:28,0.9792477217893509,0.6453501459647141,1.323997530838523,False
2025-04-14 02:06:28,0.8650969306456114,0.5376222955646814,1.2119708992128935,False
2025-04-15 02:06:28,0.8051575463962377,0.4725580817622843,1.1268880556630088,False
2025-04-16 02:06:28,0.7183612724241573,0.373442606164201,1.0514965561753946,False
2025-04-17 02:06:28,0.5605461333998731,0.2555209010240034,0.8750299722977852,False
2025-04-18 02:06:28,0.5577877321689326,0.22803827226399537,0.8989723157674984,False
2025-04-19 02:06:28,0.4638627988196413,0.12269122126990711,0.7748778856212984,False
2025-04-20 02:06:28,0.49357739554598445,0.15507135260059773,0.810898655501118,False
2025-04-21 02:06:28,0.42830995135338523,0.10427485065042451,0.777904917196305,False
2025-04-22 02:06:28,0.5082578356258005,0.17345851589585942,0.8457173163355445,False
2025-04-23 02:06:28,0.6397794252576569,0.311423585253142,0.9605218464865237,False
2025-04-24 02:06:28,0.7453092989236854,0.4025217456182238,1.0894580158710012,False
2025-04-25 02:06:28,1.0017500419780108,0.6616062970163753,1.331638337906998,False
2025-04-26 02:06:28,1.1076172317738826,0.7638811850211934,1.4428662721976997,False
2025-04-27 02:06:28,1.2286360474914377,0.8899476553943343,1.5505129219069231,False
2025-04-28 02:06:28,1.1152761540578053,0.7834995160505512,1.4580935525616396,False
2025-04-29 02:06:28,1.0037171058176622,0.675435389472848,1.314747184523546,False
2025-04-30 02:06:28,0.8262750439584907,0.5009330275212183,1.1582146858538331,False
2025-05-01 02:06:28,0.5576805899384212,0.23762328632557878,0.8908743098796583,False
2025-05-02 02:06:28,0.44363110625776614,0.1373991208998548,0.7826685574718636,False
2025-05-03 02:06:28,0.2539522127732108,-0.060780624790921486,0.5847022371990677,False
2025-05-04 02:06:28,0.21319820349695595,-0.13188885755058682,0.5455055083661088,False
2025-05-05 02:06:28,0.10563059684880094,-0.22238405752465865,0.4264465653056765,False
2025-05-06 02:06:28,0.1689928362563451,-0.1599782455447731,0.4934912034998281,False
2025-05-07 02:06:28,0.30478374004096187,-0.007984237959949148,0.6328707778899612,False
2025-05-08 02:06:28,0.43142021124228125,0.1012296050756535,0.7454873558148781,False
2025-05-09 02:06:28,0.7250436758762295,0.38482020749534895,1.0602442278915107,False
2025-05-10 02:06:28,0.8873884270704755,0.5853849771285459,1.2199847765395875,False
2025-05-11 02:06:28,1.0901081817209584,0.7767719139067072,1.451550858159199,False
2025-05-12 02:06:28,1.0894016615816586,0.7548730328282652,1.4127379208654407,False
2025-05-13 02:06:28,1.1233434836973926,0.7794634929676415,1.4706335473069063,False
2025-05-14 02:06:28,1.1191584108146557,0.8068672224052192,1.4969212240600978,False
2025-05-15 02:06:28,1.0379687358930485,0.698067074407848,1.3841705648722646,False
2025-05-16 02:06:28,1.1041602902224434,0.7530187736061278,1.4423447882563682,False
2025-05-17 02:06:28,1.0617698370520539,0.7224757744554207,1.3923825733539634,False
2025-05-18 02:06:28,1.1100845899327876,0.7748837020849668,1.4172516135558,False
2025-05-19 02:06:28,1.014198576746583,0.6855449211876183,1.3243799074315017,False
2025-05-20 02:06:28,1.0035090761403591,0.6931053950134691,1.345105905442149,False
2025-05-21 02:06:28,0.9845732293397598,0.6668581158964846,1.3328166990389967,False
2025-05-22 02:06:28,0.8939449327058254,0.5531737206841795,1.2131128032377945,False
2025-05-23 02:06:28,0.9357132446057242,0.6080264796283802,1.256478045629242,False
2025-05-24 02:06:28,0.8438899461882028,0.4999817688469781,1.1676101820447307,False
2025-05-25 02:06:28,0.8203515242710013,0.4585509228453447,1.1474324507796287,False
2025-05-26 02:06:28,0.6437222076975292,0.2945485187087775,0.9512620229846995,False
2025-05-27 02:06:28,0.5629788832330017,0.2210904416879656,0.900326885000081,False
2025-05-28 02:06:28,0.5038577783913862,0.16617514204653222,0.8397028903802617,False
2025-05-29 02:06:28,0.4156860510393918,0.08594665253807393,0.761607344324942,False
2025-05-30 02:06:28,0.5051166128876093,0.17196314418823047,0.8395365727562136,False
2025-05-31 02:06:28,0.49793409931787164,0.1801433013539373,0.8630436120005571,False
2025-06-01 02:06:28,0.5796624227164164,0.2424904717605268,0.9127019186573897,False
2025-06-02 02:06:28,0.5094284232728766,0.1675532460714438,0.8408140238207519,False
2025-06-03 02:06:28,0.5192842899129958,0.18464598041664335,0.8657775276270543,False
2025-06-04 02:06:28,0.5253297155804902,0.19386518677124134,0.8671928887246603,False
2025-06-05 02:06:28,0.47687117319972727,0.16142332090394562,0.7903557479878017,False
2025-06-06 02:06:28,0.5894582416168745,0.26810396999147806,0.922271674240982,False
2025-06-07 02:06:28,0.603239113351866,0.2878406519216519,0.9362073997756529,False
2025-06-08 02:06:28,0.7184487924178163,0.40179175578057896,1.0268412783329157,False
2025-06-09 02:06:28,0.7040417799649921,0.3700582326896752,1.0253522160567612,False
2025-06-10 02:06:28,0.7932408892913634,0.4400235039532089,1.1645408355724678,False
2025-06-11 02:06:28,0.8934697105761571,0.5553480619771038,1.2302007757655669,False
2025-06-12 02:06:28,0.9372742321492544,0.6109847378912824,1.2466983235781852,False
2025-06-13 02:06:28,1.119591458575026,0.7940705210041067,1.4325978824258794,False
2025-06-14 02:06:28,1.161626874859787,0.8265588764326202,1.4706999182823939,False
2025-06-15 02:06:28,1.2516211686822238,0.9265411483013392,1.5866742404518481,False
2025-06-16 02:06:28,1.157067231715354,0.835067098278404,1.5078636350720311,False
2025-06-17 02:06:28,1.1211801142216722,0.7988848714960811,1.4715582098626465,False
2025-06-18 02:06:28,1.070853432612287,0.7425717208714974,1.394562935940038,False
2025-06-19 02:06:28,0.9632503184485217,0.6191238950048008,1.3058342623238193,False
2025-06-20 02:06:28,1.0175331847640237,0.6834332465134728,1.342703399013164,False
2025-06-21 02:06:28,0.9734147140361255,0.6614011085666961,1.3357420685614212,False
2025-06-22 02:06:28,1.0281171224296002,0.6905409457898751,1.3532281477332384,False
2025-06-23 02:06:28,0.9471570452880238,0.5905113533258822,1.2960894152128006,False
2025-06-24 02:06:28,0.961969280739067,0.6504306744348222,1.2979346945806853,False
2025-06-25 02:06:28,0.9811576894013307,0.630256350093981,1.3016554643424507,False
2025-06-26 02:06:28,0.9415853988226897,0.6010037348358068,1.267843776568802,False
2025-06-27 02:06:28,1.0446631260443784,0.714681669300289,1.3722453858082089,False
2025-06-28 02:06:28,1.0184733602648208,0.705775475435967,1.3506322918605085,False
2025-06-29 02:06:28,1.0566249162674006,0.7270116214294108,1.3835213323161224,False
2025-06-30 02:06:28,0.9290437046820375,0.5978100161427995,1.2372580713782868,False
2025-07-01 02:06:28,0.8779670203425917,0.546508051067438,1.2011344308752876,False
2025-07-02 02:06:28,0.826511768075048,0.471693475790886,1.1441351188666855,False
2025-07-03 02:06:28,0.7267354830727359,0.3805215086388669,1.0419522172750189,False
2025-07-04 02:06:28,0.7931802084553449,0.47015513248421464,1.1378639201818124,False
2025-07-05 02:06:28,0.7629557998931924,0.43318946955701676,1.0964434222693509,False
2025-07-06 02:06:28,0.8334213611222746,0.5201698828761285,1.1887144964717253,False
2025-07-07 02:06:28,0.7726285666827154,0.4499771464271438,1.085642187548223,False
2025-07-08 02:06:28,0.8156493292944871,0.4909488065370022,1.1758191709106394,False
2025-07-09 02:06:28,0.874017802954703,0.5628371633668677,1.2279103081240954,False
2025-07-10 02:06:28,0.8851327082918558,0.5755022064210644,1.230807024576975,False
2025-07-11 02:06:28,1.0475980087293537,0.6980084982994376,1.3714210201041914,False
2025-07-12 02:06:28,1.0835364065672994,0.7435748498069383,1.4077584170728004,False
2025-07-13 02:06:28,1.1788023069978812,0.8676570546357403,1.4968915732393921,False
2025-07-14 02:06:28,1.0959387227373467,0.7786084753844493,1.428764259858286,False
2025-07-15 02:06:28,1.072487583019489,0.7437185957271146,1.4169370867133897,False
2025-07-16 02:06:28,1.031266064250041,0.7155966152568213,1.3779690967649258,False
2025-07-17 02:06:28,0.9289075825218814,0.578184061769748,1.23490162686886,False
2025-07-18 02:06:28,0.9883805654803516,0.6464127550455445,1.3242321839414126,False
2025-07-19 02:06:28,0.9567164655268499,0.6470589146981004,1.2963235867721172,False
2025-07-20 02:06:28,1.0396065379522583,0.7122146970793569,1.3611520109971795,False
2025-07-21 02:06:28,1.0089001857691773,0.6496173241136141,1.336514654015781,False
2025-07-22 02:06:28,1.0970180177064406,0.7849592589623573,1.443384233228221,False
2025-07-23 02:06:28,1.2061576195449788,0.9028673590956949,1.5402878593569547,False
2025-07-24 02:06:28,1.2593398769957034,0.9200015999425837,1.576955060753259,False
2025-07-25 02:06:28,1.438949541147403,1.080586330434671,1.790844117892541,False
2025-07-26 02:06:28,1.4530249081220605,1.11733716678017,1.7881458737553129,False
2025-07-27 02:06:28,1.4791937609155907,1.1323899404221516,1.8067522488580912,False
2025-07-28 02:06:28,1.2801038557208715,0.9585589268056154,1.588743213133324,False
2025-07-29 02:06:28,1.1022749677969585,0.7573703509741568,1.4006828577153518,False
2025-07-30 02:06:28,0.8848127321073241,0.5635200582974488,1.225620179607902,False
2025-07-31 02:06:28,0.6046747233179915,0.2752010806036256,0.9420729764839559,False
2025-08-01 02:06:28,0.5050523247410686,0.1835405839016022,0.8463488059538008,False
2025-08-02 02:06:28,0.34917246201280827,0.030504907162988606,0.6738175846696944,False
2025-08-03 02:06:28,0.35217333603828993,0.01986651866277922,0.6562335581992534,False
2025-08-04 02:06:28,0.2877258793756834,-0.02148030437432145,0.6250307388399012,False
2025-08-05 02:06:28,0.3835223993152457,0.02975228153839178,0.7040550123907496,False
2025-08-06 02:06:28,0.5330667496816416,0.17351869785006613,0.8863658112438334,False
2025-08-07 02:06:28,0.6499566536537354,0.3397320551710007,0.9772275929993015,False
2025-08-08 02:06:28,0.9092989057754906,0.5778762641835323,1.2492974117534092,False
2025-08-09 02:06:28,1.015645373266129,0.7108475815885598,1.3599420750129252,False
2025-08-10 02:06:28,1.1468831446980927,0.8216352504592537,1.483953367211873,False
2025-08-11 02:06:28,1.0680032082025415,0.7617377651805775,1.4126629786965952,False
2025-08-12 02:06:28,1.0272663488721185,0.7004146373190117,1.3568978154637328,False
2025-08-13 02:06:28,0.9621348866626205,0.6140092072220753,1.2957318693035722,False
2025-08-14 02:06:28,0.8426444790463391,0.5114722640873216,1.1845334125163625,False
2025-08-15 02:06:28,0.8995175292687027,0.5511830785368619,1.225997110159559,False
2025-08-16 02:06:28,0.8795824638760446,0.5283582065983959,1.2153748832148143,False
2025-08-17 02:06:28,0.9808419384459893,0.6300619246816801,1.3035430468941314,False
2025-08-18 02:06:28,0.9630537335412946,0.6210604971637351,1.2545251335990104,False
2025-08-19 02:06:28,1.0468635144943497,0.7238877353594766,1.3744014571305876,False
2025-08-20 02:06:28,1.1278747644962117,0.819547684684152,1.4818445135646399,False
2025-08-21 02:06:28,1.1311348493752265,0.7910068969795557,1.475660312997846,False
2025-08-22 02:06:28,1.2505160743971069,0.9236669426993763,1.5743268690741083,False
2025-08-23 02:06:28,1.2128260366301447,0.8904065577147883,1.527817980584553,False
2025-08-24 02:06:28,1.217021549059407,0.8751450131176367,1.5694598625840253,False
2025-08-25 02:06:28,1.043631439309379,0.7150673715047039,1.3848497392665289,False
2025-08-26 02:06:28,0.948004306263859,0.6163169930922623,1.3004265936376072,False
2025-08-27 02:06:28,0.8654629758885989,0.5275412305624295,1.194350658402607,False
2025-08-28 02:06:28,0.7561759230445904,0.42541919536946143,1.0866329021497085,False
2025-08-29 02:06:28,0.8365754150652175,0.4857673274924835,1.162160554452125,False
2025-08-30 02:06:28,0.8389459424745763,0.5230430905910312,1.1655322344529384,False
2025-08-31 02:06:28,0.9503841269997505,0.629624255064418,1.2714058378469997,False
2025-09-01 02:06:28,0.9259701715202201,0.6055553571425908,1.2360745740445018,False
2025-09-02 02:06:28,0.9885643065727922,0.6646085529323288,1.3323918196419693,False
2025-09-03 02:06:28,1.0415473709731276,0.7084924999863821,1.3487195407466248,False
2025-09-04 02:06:28,1.0204774333742468,0.6669316220519568,1.350193026487069,False
2025-09-05 02:06:28,1.1290343394584652,0.8197107474045613,1.4686013810523497,False
2025-09-06 02:06:28,1.1001108482238242,0.7709834979204709,1.4394396296496477,False
2025-09-07 02:06:28,1.1332815767726419,0.7791670404135499,1.459179712638414,False
2025-09-08 02:06:28,1.004202728438544,0.6502051221688911,1.313778360268828,False
2025-09-09 02:06:28,0.9594809218482934,0.6192799690646545,1.2819787669095108,False
2025-09-10 02:06:28,0.9245301172581268,0.5940209925767196,1.2306116916074237,False
2025-09-11 02:06:28,0.8513609265399243,0.5311689642595911,1.1832531595228852,False
2025-09-12 02:06:28,0.9522294829752148,0.6188401565995881,1.2732729412439394,False
2025-09-13 02:06:28,0.9601015164571691,0.6363549043678992,1.2809595254963906,False
2025-09-14 02:06:28,1.0668952454300435,0.7190079173452396,1.3910484123603568,False
2025-09-15 02:06:28,1.0345994788945698,0.6797145020414136,1.3707886805250262,False
2025-09-16 02:06:28,1.092345502291812,0.7694364746522595,1.4238938176863687,False
2025-09-17 02:06:28,1.1466196861721545,0.8128303997823991,1.497227938777892,False
2025-09-18 02:06:28,1.1313952247655439,0.7977804335698497,1.475381176572175,False
2025-09-19 02:06:28,1.244057572317173,0.9193275847268295,1.5803896847402963,False
2025-09-20 02:06:28,1.208031874072716,0.8747714696386154,1.5520754478821304,False
2025-09-21 02:06:28,1.2129273284206121,0.8688635143342167,1.538336503680558,False
2025-09-22 02:06:28,1.0269947046744106,0.6865708735958519,1.3501712010434253,False
2025-09-23 02:06:28,0.8945626933374335,0.5837174730435389,1.228269385290729,False
2025-09-24 02:06:28,0.7452391837836121,0.40448266238897684,1.0729155589169201,False
2025-09-25 02:06:28,0.5414390231612642,0.20038711247409008,0.8744442168503243,False
2025-09-26 02:06:28,0.5102365584551831,0.15966082756750216,0.8680332647489742,False
2025-09-27 02:06:28,0.4009919108515767,0.05448347843775223,0.7055353929378388,False
2025-09-28 02:06:28,0.4204753977836641,0.08356295869191416,0.7265534582489604,False
2025-09-29 02:06:28,0.34138616791234566,0.011648846029935262,0.670210414519626,False
2025-09-30 02:06:28,0.3979499406525653,0.07824384494403311,0.7275884968684315,False
2025-10-01 02:06:28,0.4960300155143651,0.17803939836047822,0.7939807038893852,False
2025-10-02 02:06:28,0.5643673230916599,0.23749301808949067,0.8954934236895697,False
2025-10-03 02:06:28,0.7923281528933748,0.4472575882624292,1.1122136236861944,False
2025-10-04 02:06:28,0.894415406206378,0.5589601867649159,1.209732494187536,False
2025-10-05 02:06:28,1.051768497190736,0.7306683866091584,1.3775468780396696,False
2025-10-06 02:06:28,1.02511206180286,0.6794121838732596,1.3376631177447156,False
2025-10-07 02:06:28,1.0518389364867327,0.7402500094762484,1.3620122210546959,False
2025-10-08 02:06:28,1.0543697651467907,0.7146858572795649,1.404095746473355,False
2025-10-09 02:06:28,0.9869090128316056,0.6372877954129574,1.3241448852892717,False
2025-10-10 02:06:28,1.0671495974412428,0.7557817529355049,1.3872520663361283,False
2025-10-11 02:06:28,1.0347138059009,0.7129098111382236,1.37743529852989,False
2025-10-12 02:06:28,1.08803302829375,0.7459249725442848,1.4151840699478342,False
2025-10-13 02:06:28,0.9951508515042609,0.6763451308790137,1.3114884858890516,False
2025-10-14 02:06:28,0.9914357545122897,0.6488336865325294,1.3147152388538519,False
2025-10-15 02:06:28,0.9908595766492967,0.6640611784816456,1.3165815664016263,False
2025-10-16 02:06:28,0.9368523808917031,0.6027011849514045,1.2745655452206717,False
2025-10-17 02:06:28,1.0378989847354336,0.7224508524983572,1.3984573593055394,False
2025-10-18 02:06:28,1.0284260940136731,0.7037700886426411,1.3594099887661668,False
2025-10-19 02:06:28,1.1059727348085073,0.7854022151998776,1.4274281235301378,False
2025-10-20 02:06:28,1.0401679403117694,0.7230265899931004,1.3817428765487265,False
2025-10-21 02:06:28,1.0672811500526183,0.756613989165905,1.4135575669819211,False
2025-10-22 02:06:28,1.098279076968345,0.7791301731330169,1.41057334560178,False
2025-10-23 02:06:28,1.0677697646766031,0.7218514822941153,1.3812091848691481,False
2025-10-24 02:06:28,1.1700105098117808,0.8451388479703615,1.506668130711913,False
2025-10-25 02:06:28,1.122821322648946,0.8012284397669458,1.4625599467095787,False
2025-10-26 02:06:28,1.1098160424410255,0.7792730154567556,1.420483186273599,False
2025-10-27 02:06:28,0.8951287796895929,0.5561123985818727,1.2598642124216204,False
2025-10-28 02:06:28,0.722640084728232,0.3856829284832035,1.0654988395415406,False
2025-10-29 02:06:28,0.5259631330680026,0.18833761987718292,0.8678032612679709,False
2025-10-30 02:06:28,0.2754980949406367,-0.07805655932660154,0.6060569241632356,False
2025-10-31 02:06:28,0.2086341238158086,-0.1212542907539601,0.5213034892524103,False
2025-11-01 02:06:28,0.0849380369138637,-0.25404222332807935,0.42948516130081776,False
2025-11-02 02:06:28,0.11865020092474032,-0.2198550437070035,0.4359290181540821,False
2025-11-03 02:06:28,0.08503441399528233,-0.24687676327349276,0.4050236032089491,False
2025-11-04 02:06:28,0.21481200486924856,-0.12697555879816017,0.5617277695949289,False
2025-11-05 02:06:28,0.40442505781908555,0.07111947102214224,0.7273416645540715,False
2025-11-06 02:06:28,0.5687518850203248,0.2377613768833596,0.894729623749411,False
2025-11-07 02:06:28,0.8813619286035413,0.559524470879625,1.1969262130576424,False
2025-11-08 02:06:28,1.042048277027403,0.7108978622866425,1.3408673150173005,False
2025-11-09 02:06:28,1.2212386928810854,0.8981417493103374,1.56220182791971,False
2025-11-10 02:06:28,1.1751511594331083,0.8362004314327327,1.519532242009254,False
2025-11-11 02:06:28,1.1439377550082643,0.7932737113959338,1.467989532018658,False
2025-11-12 02:06:28,1.0597532998051695,0.7298063953687456,1.3982095768194305,False
2025-11-13 02:06:28,0.8919286212844717,0.5524754242490385,1.2148647950058016,False
2025-11-14 02:06:28,0.8761029085414783,0.5594548853557536,1.2407193251157325,False
2025-11-15 02:06:28,0.7695795547965358,0.44572898378930775,1.1027152957246316,False
2025-11-16 02:06:28,0.7851648968453707,0.44887204558844607,1.092948964021719,False
2025-11-17 02:06:28,0.6995101703918273,0.36507403753144296,1.0480841647273136,False
2025-11-18 02:06:28,0.7493672371434522,0.4006457712179688,1.0847643363127102,False
2025-11-19 02:06:28,0.8426606631789518,0.52160520728817,1.1746004958462042,False
2025-11-20 02:06:28,0.9104200652173623,0.5722532947453599,1.2282765827388697,False
2025-11-21 02:06:28,1.1445562727255236,0.814405284749271,1.4671727991558627,False
2025-11-22 02:06:28,1.2616629925544258,0.9412192611041658,1.5819062253752185,False
2025-11-23 02:06:28,1.4433401645968067,1.1161579428698227,1.7737312312588283,False
2025-11-24 02:06:28,1.4480135594999914,1.128846588524712,1.7796412224255918,False
2025-11-25 02:06:28,1.5075015287485776,1.1689006342188768,1.8602224116966137,False
2025-11-26 02:06:28,1.5358711919233163,1.1888606215409587,1.8622748555216897,False
2025-11-27 02:06:28,1.4777720332612296,1.1111774530086216,1.8012169415193497,False
2025-11-28 02:06:28,1.5424786288083976,1.2168050786157476,1.8616663743624924,False
2025-11-29 02:06:28,1.464796928218489,1.132050244646569,1.794991964006793,False
2025-11-30 02:06:28,1.443779454585403,1.1128398163842055,1.7606344246637324,False
2025-12-01 02:06:28,1.2540965276692884,0.9351381485119447,1.5830760320166894,False
2025-12-02 02:06:28,1.1427522846909626,0.811383383820542,1.4813347698103791,False
2025-12-03 02:06:28,1.037967222676441,0.6799957824722345,1.3958562316558516,False
2025-12-04 02:06:28,0.8968469861886191,0.562752389792788,1.2287912377199797,False
2025-12-05 02:06:28,0.9378919333246103,0.6046222562145264,1.258992192364417,False
2025-12-06 02:06:28,0.8998031697229228,0.5644465161332952,1.2367614377152933,False
2025-12-07 02:06:28,0.9782183848368733,0.6312977568551396,1.3159523708387912,False
2025-12-08 02:06:28,0.9360600921594269,0.5978900476410137,1.26089288310733,False
2025-12-09 02:06:28,1.0008618673161722,0.6732927277451612,1.353491189905925,False
2025-12-10 02:06:28,1.0761423418252745,0.7555780083765484,1.4019954170233384,False
2025-12-11 02:06:28,1.0931247105374777,0.7529268398221032,1.4193507800540335,False
2025-12-12 02:06:28,1.2480047038410222,0.9382183150780964,1.5798944376598776,False
2025-12-13 02:06:28,1.2650587642264886,0.9255436987159199,1.5931536939250035,False
2025-12-14 02:06:28,1.3360819047900279,1.0322789019864584,1.6634601004240865,False
2025-12-15 02:06:28,1.2310615029305598,0.91684682528045,1.5520629705645463,False
2025-12-16 02:06:28,1.1932978514251007,0.857841125826016,1.5252190406625783,False
2025-12-17 02:06:28,1.1465859621260024,0.8096562117617034,1.495676325791548,False
2025-12-18 02:06:28,1.0418713938555384,0.7136819822555956,1.3701674467030545,False
2025-12-19 02:06:28,1.0899635027145924,0.7526505620769186,1.4126775860177672,False
2025-12-20 02:06:28,1.0218493075513804,0.683790117938888,1.3469056374890385,False
2025-12-21 02:06:28,1.0278515280181963,0.7034374796339464,1.3515382426845453,False
