y,snapshot,event,sitewide,discount
0,20140103091040,,0,
0,20140111012145,,0,
0,20140112185924,,0,
0,20140113211515,,0,
0,20140115002401,,0,
0,20140126013321,,0,
0,20140208065837,,0,
0,20140210142359,,0,
0,20140327025644,,0,
0,20140328143925,,0,
0,20140421003357,,0,
0,20140529141028,,0,
0,20140626114226,,0,
0,20140704031300,,0,
0,20140705050406,,0,
0,20140730160109,,0,
1,20140827153116,Summer/Winter Sale,0,
0,20141111131202,,0,
0,20141209052004,,0,
0,20141218163206,,0,
0,20141219183916,,0,
0,20150105144207,,0,
0,20150108163812,,0,
0,20150111084001,,0,
0,20150112095026,,0,
0,20150113204244,,0,
0,20150118084628,,0,
0,20150119085803,,0,
0,20150119234452,,0,
0,20150205230708,,0,
0,20150206234847,,0,
0,20150215020045,,0,
0,20150223045931,,0,
0,20150227213547,,0,
0,20150315032216,,0,
0,20150321014512,,0,
0,20150407233509,,0,
0,20150419120818,,0,
0,20150504003348,,0,
0,20150520165611,,0,
0,20150607071628,,0,
0,20150612155654,,0,
0,20150616205448,,0,
0,20150625050902,,0,
0,20150717184958,,0,
0,20150808025209,,0,
0,20150821043213,,0,
0,20150914160611,,0,
0,20150915015845,,0,
0,20151008014012,,0,
0,20151011175614,,0,
0,20151101130356,,0,
0,20151107134521,,0,
0,20151121060513,,0,
0,20151123122627,,0,
0,20151205144347,,0,
0,20151207130921,,0,
0,20151208041559,,0,
0,20151221155555,,0,
0,20160108202653,,0,
0,20160109075414,,0,
0,20160110045647,,0,
0,20160127033907,,0,
0,20160129184910,,0,
0,20160224131945,,0,
0,20160224133655,,0,
0,20160224145300,,0,
0,20160224181150,,0,
0,20160229151020,,0,
0,20160301172958,,0,
0,20160310003156,,0,
0,20160314223052,,0,
0,20160318154943,,0,
0,20160410134735,,0,
0,20160507005921,,0,
0,20160530133342,,0,
0,20160607192836,,0,
0,20160620224350,,0,
0,20160622023408,,0,
0,20160710105702,,0,
0,20160725053529,,0,
0,20160728033650,,0,
0,20160807042936,,0,
0,20160819232425,,0,
0,20160828215656,,0,
0,20160901221705,,0,
0,20160913213519,,0,
0,20160926121940,,0,
0,20160930110123,,0,
0,20161001134944,,0,
0,20161002132240,,0,
0,20161010101655,,0,
0,20161011095850,,0,
0,20161024014652,,0,
0,20161027074737,,0,
0,20161112131427,,0,
0,20161119101827,,0,
0,20161128111247,,0,
0,20170121164412,,0,
0,20170125052714,,0,
0,20170128023144,,0,
0,20170204205530,,0,
0,20170219012127,,0,
0,20170305142733,,0,
0,20170407203031,,0,
0,20170426212328,,0,
0,20170602230231,,0,
0,20170603211456,,0,
0,20171014130854,,0,
0,20180131142911,,0,
0,20180219122016,,0,
0,20180224062104,,0,
0,20180226121737,,0,
0,20180311172000,,0,
0,20180314140418,,0,
0,20180315164917,,0,
0,20180322115547,,0,
0,20180329214827,,0,
0,20180405172143,,0,
0,20180414134332,,0,
0,20180419184435,,0,
0,20180426172949,,0,
0,20180503234422,,0,
0,20180510123213,,0,
0,20180512013858,,0,
0,20180517190040,,0,
0,20180518050546,,0,
0,20180519014535,,0,
0,20180525214314,,0,
0,20180526041132,,0,
0,20180531102119,,0,
0,20180601215905,,0,
0,20180602024205,,0,
0,20180607105047,,0,
0,20180609031942,,0,
0,20180615132600,,0,
0,20180616035857,,0,
0,20180621150337,,0,
0,20180628110234,,0,
0,20180705130526,,0,
0,20180712091637,,0,
0,20180717202452,,0,
0,20180717203219,,0,
0,20180717203617,,0,
0,20180718024226,,0,
0,20180718163740,,0,
0,20180719065321,,0,
0,20180726020507,,0,
0,20180726025426,,0,
0,20180726074144,,0,
0,20180727041355,,0,
0,20180728043242,,0,
0,20180731062115,,0,
0,20180801135936,,0,
0,20180802020231,,0,
0,20180802123852,,0,
0,20180802152117,,0,
0,20180803080648,,0,
0,20180803091900,,0,
0,20180804163130,,0,
0,20180808195238,,0,
0,20180809030335,,0,
0,20180809042213,,0,
0,20180809134143,,0,
0,20180810093857,,0,
0,20180811201308,,0,
0,20180816033404,,0,
0,20180816051126,,0,
0,20180816164905,,0,
0,20180823035201,,0,
0,20180823051617,,0,
0,20180823162302,,0,
0,20180823163245,,0,
0,20180830041527,,0,
0,20180830053405,,0,
0,20180830144001,,0,
0,20180906045849,,0,
0,20180906064747,,0,
0,20180906162235,,0,
0,20180913053300,,0,
0,20180913072108,,0,
0,20180913120322,,0,
0,20180920055956,,0,
0,20180920075053,,0,
0,20180920103233,,0,
0,20180924011644,,0,
0,20180925183526,,0,
0,20180926164723,,0,
0,20180926164750,,0,
0,20180927062403,,0,
0,20180927085048,,0,
0,20180928075350,,0,
0,20181004073145,,0,
0,20181004092133,,0,
0,20181004130256,,0,
0,20181005122240,,0,
0,20181011083253,,0,
0,20181011101542,,0,
0,20181011105924,,0,
0,20181016202931,,0,
0,20181016202940,,0,
0,20181018091119,,0,
0,20181018105911,,0,
0,20181018111402,,0,
0,20181025092943,,0,
0,20181025104346,,0,
0,20181025104931,,0,
0,20181025185601,,0,
0,20181101101651,,0,
0,20181101120759,,0,
0,20181106025806,,0,
0,20181107223533,,0,
0,20181108084656,,0,
0,20181108111455,,0,
0,20181109050725,,0,
0,20181111115934,,0,
0,20181112144013,,0,
0,20181114014547,,0,
0,20181115114923,,0,
0,20181116003222,,0,
0,20181117075106,,0,
0,20181118012730,,0,
0,20181118200016,,0,
0,20181119203925,,0,
0,20181122061727,,0,
0,20181122122114,,0,
0,20181129125815,,0,
0,20181130001429,,0,
0,20181203053306,,0,
0,20181205173940,,0,
0,20181206071606,,0,
0,20181206113934,,0,
0,20181206132239,,0,
0,20181206144312,,0,
0,20181207001926,,0,
0,20181210094236,,0,
0,20181211103114,,0,
0,20181212111603,,0,
0,20181213134150,,0,
0,20181213230358,,0,
0,20181216130906,,0,
0,20181220034616,,0,
0,20181220142627,,0,
0,20181221025506,,0,
0,20181227145154,,0,
0,20181227220300,,0,
0,20181228165904,,0,
0,20181229175906,,0,
0,20190103053439,,0,
0,20190103224105,,0,
0,20190104074149,,0,
0,20190105225310,,0,
0,20190110035952,,0,
0,20190110213041,,0,
0,20190110213507,,0,
0,20190113021859,,0,
0,20190113220959,,0,
0,20190117094318,,0,
0,20190117130846,,0,
0,20190117221758,,0,
0,20190117222523,,0,
0,20190120020517,,0,
0,20190121214515,,0,
0,20190124201549,,0,
0,20190124224759,,0,
0,20190124230009,,0,
0,20190125145514,,0,
0,20190127035222,,0,
0,20190131230742,,0,
0,20190131231635,,0,
0,20190203041801,,0,
0,20190207045718,,0,
0,20190207233305,,0,
0,20190207234236,,0,
0,20190210040915,,0,
0,20190214123147,,0,
0,20190214235642,,0,
0,20190215001202,,0,
0,20190217042636,,0,
0,20190218143040,,0,
0,20190221080247,,0,
0,20190222003313,,0,
0,20190222004916,,0,
0,20190224061921,,0,
0,20190227072029,,0,
0,20190228075231,,0,
0,20190301004130,,0,
0,20190301013117,,0,
0,20190303065521,,0,
0,20190305005744,,0,
0,20190306133345,,0,
0,20190306181557,,0,
0,20190307045816,,0,
0,20190307062647,,0,
0,20190308011530,,0,
0,20190308021253,,0,
0,20190310071235,,0,
0,20190312023103,,0,
0,20190312063846,,0,
0,20190313163241,,0,
0,20190315015806,,0,
0,20190315025628,,0,
0,20190315174231,,0,
0,20190317073407,,0,
0,20190319130932,,0,
0,20190319200253,,0,
0,20190322022812,,0,
0,20190322033956,,0,
0,20190322213443,,0,
0,20190322225931,,0,
0,20190324095151,,0,
0,20190328060620,,0,
0,20190329025049,,0,
0,20190329043517,,0,
0,20190329122621,,0,
0,20190329153010,,0,
0,20190331094139,,0,
0,20190402195037,,0,
0,20190405034032,,0,
0,20190405051754,,0,
0,20190407162202,,0,
0,20190412040249,,0,
0,20190412052533,,0,
0,20190425185319,,0,
0,20190428162225,,0,
0,20190428164347,,0,
0,20190428215125,,0,
0,20190429082852,,0,
0,20190505164400,,0,
0,20190505170252,,0,
0,20190505220459,,0,
0,20190506091643,,0,
0,20190512173122,,0,
0,20190512232020,,0,
0,20190513111708,,0,
0,20190519182621,,0,
0,20190520000638,,0,
0,20190520112251,,0,
0,20190526185706,,0,
0,20190527131110,,0,
0,20190528145146,,0,
0,20190602200035,,0,
0,20190602205215,,0,
0,20190603162258,,0,
0,20190608065505,,0,
0,20190609200914,,0,
0,20190610134236,,0,
0,20190611001817,,0,
0,20190616204625,,0,
0,20190618000832,,0,
0,20190619151654,,0,
0,20190623204822,,0,
0,20190624184324,,0,
0,20190625003321,,0,
0,20190625004023,,0,
0,20190625180709,,0,
0,20190626021105,,0,
0,20190626175704,,0,
0,20190627045750,,0,
0,20190630212646,,0,
0,20190702205110,,0,
0,20190703045552,,0,
0,20190704003559,,0,
0,20190709214720,,0,
0,20190710050430,,0,
0,20190711015350,,0,
0,20190712185157,,0,
0,20190715015216,,0,
0,20190716223153,,0,
0,20190717044955,,0,
0,20190719193357,,0,
0,20190721225436,,0,
0,20190723233817,,0,
0,20190724080512,,0,
0,20190726190740,,0,
0,20190731000733,,0,
0,20190731100807,,0,
0,20190801182843,,0,
0,20190805155756,,0,
0,20190806051735,,0,
0,20190807021248,,0,
0,20190807095955,,0,
0,20190809112502,,0,
0,20190810103529,,0,
0,20190812141138,,0,
0,20190814011142,,0,
0,20190818185749,,0,
0,20190819123731,,0,
0,20190820012149,,0,
0,20190821015555,,0,
0,20190822202949,,0,
0,20190824150139,,0,
0,20190828020124,,0,
0,20190829092344,,0,
0,20190913140847,,0,
0,20190920154034,,0,
0,20190924035632,,0,
0,20190930160605,,0,
0,20191004192622,,0,
0,20191011192612,,0,
0,20191012070805,,0,
0,20191013233346,,0,
0,20191018214412,,0,
0,20191023100245,,0,
0,20191025185751,,0,
0,20191025203104,,0,
0,20191026080037,,0,
0,20191026235331,,0,
0,20191027061453,,0,
0,20191101200233,,0,
0,20191102074140,,0,
0,20191105070556,,0,
0,20191109072739,,0,
0,20191113150904,,0,
0,20191114222345,,0,
0,20191116105422,,0,
0,20191122024617,,0,
0,20191123201704,,0,
0,20191124111744,,0,
0,20191130173033,,0,
0,20191203022854,,0,
0,20191205204206,,0,
0,20191207172253,,0,
0,20191209194839,,0,
0,20191211141936,,0,
0,20191211191644,,0,
0,20191214152530,,0,
0,20191218010305,,0,
0,20191218120610,,0,
0,20191218201323,,0,
0,20191221122231,,0,
0,20191221171728,,0,
0,20191221222441,,0,
0,20191225114716,,0,
0,20191228153608,,0,
0,20191229201144,,0,
0,20191230070107,,0,
0,20200101115818,,0,
0,20200105045523,,0,
0,20200105164555,,0,
0,20200107100820,,0,
0,20200107200905,,0,
0,20200108123947,,0,
0,20200112030045,,0,
0,20200113014853,,0,
0,20200115161601,,0,
0,20200118232606,,0,
0,20200120085159,,0,
0,20200121123857,,0,
0,20200122161548,,0,
0,20200123204049,,0,
0,20200125081641,,0,
0,20200125113159,,0,
0,20200126032803,,0,
0,20200126213149,,0,
0,20200127065115,,0,
0,20200128005051,,0,
0,20200128133901,,0,
0,20200129150323,,0,
0,20200201074455,,0,
0,20200201125708,,0,
0,20200201171734,,0,
0,20200202223640,,0,
0,20200203174339,,0,
0,20200205145233,,0,
0,20200212151351,,0,
0,20200213133807,,0,
0,20200217170411,,0,
0,20200219161336,,0,
0,20200226164218,,0,
0,20200227050145,,0,
0,20200229092123,,0,
0,20200304170504,,0,
0,20200304172413,,0,
0,20200304230901,,0,
0,20200310234114,,0,
0,20200311175436,,0,
0,20200313043633,,0,
0,20200317183315,,0,
0,20200317215346,,0,
0,20200318184005,,0,
0,20200325193444,,0,
0,20200328030516,,0,
0,20200329074503,,0,
0,20200329092317,,0,
0,20200329135719,,0,
0,20200330001848,,0,
0,20200330081559,,0,
0,20200330111820,,0,
0,20200331023805,,0,
0,20200401045918,,0,
0,20200401204844,,0,
0,20200403140526,,0,
0,20200404075538,,0,
0,20200404092254,,0,
0,20200405093325,,0,
0,20200405164037,,0,
0,20200408204156,,0,
0,20200410223016,,0,
0,20200412022916,,0,
0,20200413025046,,0,
0,20200413125808,,0,
0,20200413210953,,0,
0,20200415205959,,0,
0,20200418032530,,0,
0,20200419055115,,0,
0,20200420082236,,0,
0,20200424032454,,0,
0,20200425212614,,0,
0,20200426112727,,0,
0,20200426202300,,0,
0,20200427110754,,0,
0,20200427142626,,0,
0,20200428184015,,0,
0,20200429193850,,0,
0,20200429222454,,0,
0,20200501200551,,0,
0,20200502151014,,0,
0,20200502192146,,0,
0,20200503142541,,0,
0,20200503165251,,0,
0,20200504183751,,0,
0,20200513082840,,0,
0,20200610043741,,0,
0,20200611021419,,0,
0,20200611133243,,0,
0,20200613190201,,0,
0,20200613205151,,0,
0,20200614194004,,0,
0,20200615201437,,0,
0,20200617135620,,0,
0,20200617215037,,0,
0,20200618031228,,0,
0,20200618222112,,0,
0,20200619231445,,0,
0,20200621000732,,0,
0,20200623002354,,0,
0,20200623101400,,0,
0,20200624114320,,0,
0,20200625015842,,0,
0,20200625032957,,0,
0,20200625193612,,0,
0,20200627201712,,0,
0,20200628202848,,0,
0,20200629184708,,0,
0,20200629215635,,0,
0,20200630082609,,0,
0,20200630231206,,0,
0,20200701055049,,0,
0,20200701143008,,0,
0,20200702041832,,0,
0,20200702095608,,0,
0,20200702154303,,0,
0,20200703170127,,0,
0,20200703184400,,0,
0,20200705010618,,0,
0,20200705185135,,0,
0,20200706200205,,0,
0,20200707204145,,0,
0,20200708214137,,0,
0,20200711032605,,0,
0,20200713025706,,0,
0,20200713213242,,0,
0,20200715153751,,0,
0,20200716011153,,0,
0,20200716060411,,0,
0,20200716084027,,0,
0,20200717092427,,0,
0,20200718032906,,0,
0,20200718124006,,0,
0,20200719102453,,0,
0,20200720034140,,0,
0,20200720121646,,0,
0,20200721193732,,0,
0,20200722190913,,0,
0,20200723204837,,0,
0,20200725203406,,0,
0,20200726050159,,0,
0,20200726235120,,0,
0,20200728195950,,0,
0,20200729031950,,0,
0,20200730020650,,0,
0,20200730072337,,0,
0,20200801064134,,0,
0,20200802063814,,0,
0,20200804103342,,0,
0,20200806073300,,0,
0,20200806121055,,0,
0,20200807013723,,0,
0,20200807045742,,0,
0,20200807123416,,0,
0,20200807161324,,0,
0,20200809134243,,0,
0,20200810044704,,0,
0,20200811043105,,0,
0,20200812065252,,0,
0,20200813083713,,0,
0,20200813175316,,0,
0,20200813230304,,0,
0,20200814085558,,0,
0,20200814175352,,0,
0,20200815110906,,0,
0,20200815184347,,0,
0,20200816111025,,0,
0,20200816193836,,0,
0,20200817120108,,0,
0,20200817151214,,0,
0,20200818093918,,0,
0,20200818220613,,0,
0,20200819091935,,0,
0,20200819221401,,0,
0,20200820082249,,0,
0,20200820225947,,0,
0,20200821200718,,0,
0,20200821225526,,0,
0,20200823001628,,0,
0,20200824063301,,0,
0,20200825050617,,0,
0,20200826173355,,0,
0,20200826193403,,0,
0,20200827085718,,0,
0,20200827090911,,0,
0,20200828055134,,0,
0,20200829064036,,0,
0,20200830081029,,0,
0,20200903093923,,0,
0,20200904212816,,0,
0,20200908200519,,0,
0,20200908203345,,0,
0,20200909044058,,0,
0,20200909060339,,0,
0,20200909094000,,0,
0,20200910100633,,0,
0,20200913203523,,0,
0,20200914165954,,0,
0,20200915232836,,0,
0,20200917060651,,0,
0,20200917115109,,0,
0,20200919220110,,0,
0,20200922072324,,0,
0,20200922215428,,0,
0,20200922234817,,0,
0,20200923050752,,0,
0,20200924011456,,0,
0,20200924125627,,0,
0,20200924132121,,0,
0,20200924172018,,0,
0,20200924173831,,0,
0,20200925092654,,0,
0,20200926040932,,0,
0,20200926062424,,0,
0,20200926223011,,0,
0,20200927070048,,0,
0,20200928085702,,0,
0,20200928111259,,0,
0,20200929113109,,0,
0,20200929190119,,0,
0,20200930081406,,0,
0,20200930140029,,0,
0,20200930212554,,0,
0,20201001140956,,0,
0,20201001153458,,0,
0,20201001200504,,0,
0,20201002035617,,0,
0,20201002182621,,0,
0,20201003012606,,0,
0,20201006015107,,0,
0,20201008141224,,0,
0,20201009123701,,0,
0,20201012160914,,0,
0,20201013003726,,0,
0,20201013231558,,0,
0,20201015150914,,0,
0,20201016133642,,0,
0,20201019022826,,0,
0,20201019154311,,0,
0,20201020184859,,0,
0,20201021161200,,0,
0,20201022155205,,0,
0,20201022175459,,0,
0,20201023193233,,0,
0,20201025120047,,0,
0,20201025202032,,0,
0,20201026042652,,0,
0,20201027044952,,0,
0,20201028030223,,0,
0,20201028050010,,0,
0,20201028061024,,0,
0,20201028081942,,0,
0,20201029104353,,0,
0,20201029162348,,0,
0,20201030120243,,0,
0,20201031041841,,0,
0,20201031041902,,0,
0,20201031111545,,0,
0,20201031162557,,0,
0,20201101131306,,0,
0,20201101193709,,0,
0,20201102003804,,0,
0,20201102164310,,0,
0,20201103174637,,0,
0,20201104183250,,0,
0,20201105065702,,0,
0,20201105181558,,0,
0,20201105183900,,0,
0,20201106184950,,0,
0,20201107082559,,0,
0,20201108035157,,0,
0,20201112043224,,0,
0,20201112202327,,0,
0,20201113040251,,0,
0,20201114013629,,0,
0,20201114153354,,0,
0,20201116185042,,0,
0,20201117022502,,0,
0,20201117145944,,0,
0,20201118190114,,0,
0,20201119022016,,0,
0,20201119122844,,0,
0,20201119154704,,0,
0,20201119210339,,0,
0,20201120193115,,0,
0,20201121120229,,0,
0,20201121220109,,0,
0,20201122215102,,0,
0,20201122230352,,0,
0,20201123212349,,0,
0,20201124104222,,0,
0,20201124181857,,0,
0,20201124193341,,0,
0,20201125052015,,0,
0,20201125190832,,0,
0,20201126004747,,0,
0,20201126104825,,0,
0,20201126225257,,0,
0,20201127095953,,0,
0,20201129155049,,0,
0,20201129201822,,0,
0,20201130130252,,0,
0,20201201153718,,0,
0,20201202150046,,0,
0,20201203220758,,0,
0,20201203225617,,0,
0,20201204054112,,0,
0,20201205090544,,0,
0,20201205112444,,0,
0,20201206101635,,0,
0,20201207100336,,0,
0,20201207135012,,0,
0,20201209051857,,0,
0,20201209114526,,0,
0,20201210150458,,0,
0,20201210172310,,0,
0,20201210220528,,0,
0,20201211185546,,0,
0,20201212145342,,0,
0,20201212145349,,0,
0,20201213171959,,0,
0,20201214015334,,0,
0,20201215205650,,0,
0,20201215235601,,0,
0,20201216202643,,0,
0,20201217013250,,0,
0,20201217231018,,0,
0,20201218020358,,0,
0,20201218042023,,0,
0,20201218225537,,0,
0,20201219031245,,0,
0,20201219050550,,0,
0,20201219234222,,0,
0,20201220030654,,0,
0,20201220043327,,0,
0,20201221014829,,0,
0,20201221020416,,0,
0,20201221054349,,0,
0,20201221213211,,0,
0,20201222011206,,0,
0,20201222062619,,0,
0,20201223022504,,0,
0,20201223084359,,0,
0,20201224042419,,0,
0,20201224101327,,0,
0,20201225004704,,0,
0,20201225055852,,0,
0,20201225110037,,0,
0,20201226064137,,0,
0,20201226115101,,0,
0,20201227074208,,0,
0,20201227135449,,0,
0,20201228130927,,0,
0,20201228141119,,0,
0,20201229111946,,0,
0,20201229132332,,0,
0,20201229134225,,0,
0,20201231015812,,0,
0,20201231074523,,0,
0,20201231234416,,0,
0,20210101055137,,0,
0,20210101082805,,0,
0,20210102053726,,0,
0,20210102071839,,0,
0,20210103052759,,0,
0,20210103081946,,0,
0,20210104060708,,0,
0,20210104093108,,0,
0,20210105083614,,0,
0,20210114071729,,0,
0,20210119072152,,0,
0,20210122014128,,0,
0,20210123045419,,0,
0,20210125214655,,0,
0,20210126080708,,0,
0,20210126191218,,0,
0,20210126224508,,0,
0,20210127235848,,0,
0,20210128153158,,0,
0,20210130063244,,0,
0,20210130065030,,0,
0,20210130111530,,0,
0,20210131063321,,0,
0,20210131075937,,0,
0,20210131083601,,0,
0,20210131112258,,0,
0,20210201065144,,0,
0,20210201144328,,0,
0,20210201224855,,0,
0,20210202004646,,0,
0,20210202075859,,0,
0,20210202102114,,0,
0,20210202155141,,0,
0,20210202191153,,0,
0,20210203052239,,0,
0,20210203101513,,0,
0,20210203102608,,0,
0,20210203134107,,0,
0,20210203200149,,0,
0,20210203203208,,0,
0,20210203225452,,0,
0,20210204111254,,0,
0,20210205074958,,0,
0,20210205131603,,0,
0,20210206083839,,0,
0,20210206141401,,0,
0,20210206161337,,0,
0,20210207063818,,0,
0,20210207065935,,0,
0,20210207161617,,0,
0,20210207162549,,0,
0,20210207170649,,0,
0,20210208063309,,0,
0,20210208080854,,0,
0,20210208094442,,0,
0,20210208172821,,0,
0,20210209064205,,0,
0,20210209081553,,0,
0,20210209102349,,0,
0,20210209105437,,0,
0,20210209180607,,0,
0,20210210080403,,0,
0,20210210084742,,0,
0,20210210113909,,0,
0,20210211005933,,0,
0,20210211094916,,0,
0,20210211113825,,0,
0,20210211155942,,0,
0,20210211195808,,0,
0,20210212010855,,0,
0,20210212122326,,0,
0,20210212130217,,0,
0,20210212175221,,0,
0,20210212213255,,0,
0,20210212232314,,0,
0,20210213024259,,0,
0,20210213171046,,0,
0,20210213171130,,0,
0,20210213204044,,0,
0,20210214012949,,0,
0,20210214051720,,0,
0,20210214181345,,0,
0,20210214225145,,0,
0,20210215022458,,0,
0,20210215175341,,0,
0,20210215210451,,0,
0,20210216014852,,0,
0,20210216104715,,0,
0,20210216112742,,0,
0,20210216233118,,0,
0,20210217005958,,0,
0,20210217011402,,0,
0,20210217064205,,0,
0,20210217203000,,0,
0,20210218012736,,0,
0,20210218015640,,0,
0,20210218111107,,0,
0,20210218152139,,0,
0,20210219010332,,0,
0,20210219024709,,0,
0,20210219025734,,0,
0,20210219101507,,0,
0,20210219162337,,0,
0,20210219233106,,0,
0,20210220020407,,0,
0,20210220041330,,0,
0,20210220124919,,0,
0,20210220230501,,0,
0,20210221043817,,0,
0,20210221044500,,0,
0,20210221171127,,0,
0,20210221235814,,0,
0,20210222015014,,0,
0,20210222045922,,0,
0,20210222203353,,0,
0,20210222224116,,0,
0,20210223005045,,0,
0,20210223005046,,0,
0,20210223060356,,0,
0,20210223104646,,0,
0,20210223124757,,0,
0,20210223220122,,0,
0,20210223231503,,0,
0,20210224005913,,0,
0,20210224020517,,0,
0,20210224050637,,0,
0,20210224064235,,0,
0,20210224231232,,0,
0,20210225023501,,0,
0,20210225023911,,0,
0,20210225054047,,0,
0,20210225082933,,0,
0,20210226013730,,0,
0,20210226040134,,0,
0,20210226053120,,0,
0,20210226071225,,0,
0,20210226101959,,0,
0,20210226111256,,0,
0,20210227032859,,0,
0,20210227063707,,0,
0,20210227094547,,0,
0,20210227130846,,0,
0,20210227162329,,0,
0,20210228061856,,0,
0,20210228071435,,0,
0,20210228122436,,0,
0,20210301062454,,0,
0,20210301110140,,0,
0,20210302080609,,0,
1,20210302115102,Outlet,0,
1,20210303095150,Outlet,0,
1,20210304113619,Outlet,0,
1,20210305031447,Outlet,0,
1,20210305095345,Outlet,0,
1,20210305202833,Outlet,0,
1,20210306050009,Outlet,0,
1,20210306223512,Outlet,0,
1,20210307092504,Outlet,0,
1,20210307092715,Outlet,0,
1,20210308064927,Outlet,0,
0,20210308193326,,0,
0,20210309111609,,0,
0,20210309132533,,0,
0,20210309182910,,0,
0,20210309224511,,0,
0,20210310122310,,0,
0,20210310193215,,0,
0,20210311130918,,0,
0,20210311174850,,0,
0,20210311232051,,0,
0,20210312093354,,0,
0,20210312153315,,0,
0,20210313113045,,0,
0,20210313205337,,0,
0,20210314003629,,0,
0,20210314130044,,0,
0,20210315011050,,0,
0,20210315133853,,0,
0,20210316094456,,0,
0,20210316121244,,0,
0,20210316134908,,0,
0,20210317052429,,0,
0,20210317082409,,0,
0,20210317082550,,0,
0,20210317092859,,0,
0,20210318085349,,0,
0,20210318102258,,0,
0,20210319132530,,0,
0,20210319141050,,0,
0,20210320130526,,0,
0,20210320160847,,0,
0,20210321093054,,0,
0,20210321200243,,0,
0,20210322002018,,0,
0,20210322133055,,0,
0,20210322194520,,0,
0,20210323082454,,0,
0,20210323154404,,0,
0,20210323171209,,0,
0,20210324032950,,0,
0,20210324151100,,0,
0,20210324153234,,0,
0,20210324181401,,0,
0,20210325115955,,0,
0,20210326111513,,0,
0,20210327002708,,0,
0,20210327153702,,0,
0,20210328125928,,0,
0,20210329153210,,0,
0,20210330064804,,0,
0,20210330154212,,0,
0,20210330165241,,0,
0,20210330191915,,0,
0,20210331090929,,0,
0,20210401085028,,0,
0,20210406180527,,0,
0,20210410171059,,0,
0,20210410175508,,0,
0,20210410225637,,0,
0,20210411020830,,0,
0,20210411102214,,0,
0,20210411211533,,0,
0,20210413000843,,0,
0,20210413080115,,0,
0,20210413155336,,0,
0,20210413191821,,0,
0,20210413231029,,0,
0,20210414021811,,0,
0,20210415215434,,0,
0,20210416220431,,0,
0,20210417200633,,0,
0,20210418210824,,0,
0,20210419074235,,0,
0,20210420023356,,0,
0,20210420071103,,0,
0,20210420163951,,0,
0,20210421025451,,0,
0,20210421200154,,0,
0,20210422233807,,0,
0,20210423092759,,0,
0,20210424012435,,0,
0,20210424192801,,0,
0,20210425055604,,0,
0,20210425203100,,0,
0,20210426080051,,0,
0,20210426204416,,0,
0,20210427054914,,0,
0,20210428044312,,0,
0,20210428095436,,0,
0,20210428210634,,0,
0,20210429113752,,0,
0,20210430102817,,0,
0,20210501122519,,0,
0,20210501143051,,0,
0,20210501204549,,0,
0,20210502114320,,0,
0,20210503151621,,0,
0,20210503164351,,0,
0,20210504201625,,0,
0,20210505213427,,0,
0,20210505213929,,0,
0,20210506231033,,0,
0,20210507031720,,0,
0,20210507110644,,0,
0,20210508031419,,0,
0,20210509033803,,0,
0,20210510084132,,0,
0,20210510172557,,0,
0,20210511092400,,0,
0,20210511094723,,0,
0,20210512082532,,0,
0,20210512150620,,0,
0,20210513085849,,0,
0,20210513091207,,0,
0,20210514022556,,0,
0,20210514095920,,0,
0,20210514122945,,0,
0,20210515111136,,0,
0,20210515131043,,0,
0,20210516234945,,0,
0,20210517062331,,0,
0,20210517092809,,0,
0,20210517192855,,0,
0,20210518025404,,0,
0,20210518063908,,0,
0,20210518074346,,0,
0,20210518133551,,0,
0,20210519075747,,0,
0,20210519095102,,0,
0,20210519140147,,0,
0,20210520104102,,0,
0,20210520133844,,0,
0,20210521141400,,0,
0,20210521160839,,0,
0,20210530222135,,0,
0,20210530230035,,0,
0,20210531034354,,0,
0,20210531185055,,0,
0,20210601063127,,0,
0,20210601093549,,0,
0,20210602023305,,0,
0,20210602043929,,0,
0,20210602114058,,0,
0,20210602180343,,0,
0,20210603074955,,0,
0,20210603223225,,0,
0,20210604053654,,0,
0,20210604125555,,0,
0,20210604235323,,0,
0,20210605084151,,0,
0,20210605084358,,0,
0,20210606095753,,0,
0,20210606231217,,0,
0,20210606232001,,0,
0,20210607104054,,0,
0,20210608114445,,0,
0,20210609122743,,0,
0,20210610133909,,0,
0,20210611153943,,0,
0,20210612040240,,0,
0,20210613032223,,0,
0,20210613040502,,0,
0,20210613062329,,0,
0,20210614000630,,0,
0,20210614044455,,0,
0,20210614045205,,0,
0,20210614070134,,0,
0,20210614224843,,0,
0,20210615000139,,0,
0,20210615063700,,0,
0,20210616034251,,0,
0,20210616054206,,0,
0,20210616060930,,0,
0,20210616065037,,0,
0,20210616195210,,0,
0,20210617083041,,0,
0,20210617105817,,0,
0,20210617204624,,0,
0,20210618105856,,0,
0,20210618221853,,0,
0,20210619171035,,0,
0,20210619180652,,0,
0,20210619232138,,0,
0,20210620122028,,0,
0,20210621160739,,0,
0,20210622175731,,0,
0,20210623045130,,0,
0,20210623182330,,0,
0,20210624204912,,0,
0,20210625205338,,0,
0,20210626213115,,0,
0,20210627223938,,0,
0,20210628063528,,0,
0,20210628234339,,0,
0,20210630004924,,0,
0,20210630052008,,0,
0,20210701003142,,0,
0,20210701022202,,0,
0,20210702052657,,0,
0,20210703054629,,0,
0,20210704081150,,0,
0,20210705084744,,0,
0,20210707141421,,0,
0,20210708032656,,0,
0,20210708160508,,0,
0,20210709110539,,0,
0,20210709135213,,0,
0,20210710150617,,0,
0,20210711154159,,0,
0,20210712155549,,0,
0,20210713213727,,0,
0,20210713214805,,0,
0,20210714175401,,0,
0,20210715033750,,0,
0,20210715185642,,0,
0,20210716020711,,0,
0,20210716212542,,0,
0,20210717225229,,0,
0,20210718234859,,0,
0,20210720003126,,0,
0,20210721020956,,0,
0,20210721045410,,0,
0,20210722014001,,0,
0,20210723012324,,0,
0,20210723030624,,0,
0,20210724022512,,0,
0,20210725043332,,0,
0,20210725043752,,0,
0,20210725103631,,0,
0,20210725205317,,0,
0,20210726053939,,0,
0,20210726102112,,0,
0,20210726172646,,0,
0,20210727113117,,0,
0,20210728074853,,0,
0,20210728081050,,0,
0,20210728130256,,0,
0,20210729125512,,0,
0,20210729162234,,0,
0,20210729163251,,0,
0,20210730045150,,0,
0,20210730120110,,0,
0,20210730181411,,0,
0,20210731043006,,0,
0,20210731114511,,0,
0,20210801124328,,0,
0,20210802110434,,0,
0,20210802154637,,0,
0,20210803074118,,0,
0,20210803155216,,0,
0,20210806193642,,0,
0,20210807044116,,0,
0,20210807190908,,0,
0,20210807205401,,0,
0,20210808214430,,0,
0,20210809225104,,0,
0,20210811012118,,0,
0,20210812014204,,0,
0,20210812020949,,0,
0,20210813030142,,0,
0,20210813205855,,0,
0,20210814042937,,0,
0,20210814202553,,0,
0,20210815061248,,0,
0,20210815075529,,0,
0,20210816102242,,0,
0,20210817121907,,0,
0,20210818174458,,0,
0,20210819055943,,0,
0,20210819195506,,0,
0,20210820205236,,0,
0,20210821205358,,0,
0,20210821223732,,0,
0,20210822231250,,0,
0,20210824001143,,0,
0,20210824143519,,0,
0,20210825040645,,0,
0,20210826065737,,0,
0,20210827083041,,0,
0,20210828100539,,0,
0,20210828222048,,0,
0,20210829130123,,0,
0,20210829204241,,0,
0,20210831154432,,0,
0,20210901185251,,0,
0,20210903032419,,0,
0,20210904060517,,0,
0,20210905053309,,0,
0,20210905213547,,0,
0,20210906065911,,0,
0,20210907080852,,0,
0,20210908094129,,0,
0,20210909101755,,0,
0,20210910143851,,0,
0,20210910195454,,0,
0,20210911155030,,0,
0,20210912170531,,0,
0,20210913183116,,0,
0,20210913213049,,0,
0,20210914194656,,0,
0,20210915111608,,0,
0,20210915194444,,0,
0,20210916191416,,0,
0,20210916225652,,0,
0,20210917231739,,0,
0,20210919022225,,0,
0,20210920000402,,0,
0,20210920211713,,0,
0,20210920225209,,0,
0,20210921175920,,0,
0,20210927230042,,0,
0,20210928072255,,0,
0,20210928223940,,0,
0,20210929054422,,0,
0,20210930071125,,0,
0,20211001123658,,0,
0,20211002105213,,0,
0,20211003133010,,0,
0,20211004235923,,0,
0,20211005050706,,0,
0,20211005202839,,0,
0,20211006005458,,0,
0,20211006050730,,0,
0,20211007033148,,0,
0,20211008043645,,0,
0,20211009064551,,0,
0,20211010121211,,0,
0,20211010191636,,0,
0,20211011164333,,0,
0,20211011164645,,0,
0,20211012175649,,0,
0,20211012235204,,0,
0,20211013024322,,0,
0,20211013203132,,0,
0,20211013205115,,0,
0,20211014005842,,0,
0,20211014030546,,0,
0,20211015064123,,0,
0,20211015081531,,0,
0,20211015175913,,0,
0,20211016033014,,0,
0,20211016100626,,0,
0,20211017120204,,0,
0,20211017125939,,0,
0,20211018090727,,0,
0,20211018132827,,0,
0,20211018133413,,0,
0,20211019135218,,0,
0,20211019151651,,0,
0,20211020032744,,0,
0,20211020182647,,0,
0,20211021163835,,0,
0,20211021194200,,0,
0,20211022185011,,0,
0,20211023020650,,0,
0,20211024012824,,0,
0,20211024125846,,0,
0,20211025054915,,0,
0,20211027051254,,0,
0,20211027052645,,0,
0,20211027100210,,0,
0,20211027152746,,0,
0,20211028100134,,0,
0,20211029150009,,0,
0,20211030135141,,0,
0,20211031191445,,0,
0,20211101211124,,0,
0,20211103043558,,0,
0,20211104134109,,0,
0,20211104215802,,0,
0,20211105224644,,0,
0,20211106212703,,0,
0,20211111233232,,0,
0,20211113221535,,0,
0,20211114083246,,0,
0,20211114102339,,0,
0,20211115151052,,0,
0,20211116172249,,0,
0,20211117162759,,0,
0,20211118203054,,0,
0,20211120032605,,0,
0,20211121230933,,0,
0,20211122003613,,0,
0,20211123023421,,0,
0,20211124041933,,0,
0,20211126043314,,0,
0,20211127111656,,0,
0,20211128112208,,0,
0,20211129011300,,0,
0,20211129174516,,0,
0,20211130065210,,0,
0,20211130181027,,0,
0,20211203052538,,0,
0,20211213221208,,0,
0,20211213221504,,0,
0,20211214052838,,0,
0,20211216054837,,0,
0,20211216103320,,0,
0,20211217093722,,0,
0,20211218090059,,0,
0,20211219110838,,0,
0,20211220130652,,0,
0,20211220223133,,0,
0,20211223022645,,0,
0,20211223154404,,0,
0,20211224164417,,0,
0,20211225143537,,0,
0,20211225172121,,0,
0,20211226155746,,0,
0,20211226182219,,0,
0,20211227040055,,0,
0,20211227234440,,0,
0,20211228210632,,0,
0,20211229203603,,0,
0,20211230194336,,0,
0,20211231203057,,0,
0,20220102223747,,0,
0,20220104003334,,0,
0,20220107023858,,0,
0,20220109042902,,0,
0,20220110053121,,0,
0,20220111012833,,0,
0,20220111053000,,0,
0,20220114085220,,0,
0,20220118203041,,0,
0,20220123050954,,0,
0,20220123080654,,0,
0,20220124100530,,0,
0,20220124200631,,0,
0,20220125191924,,0,
0,20220126105146,,0,
0,20220127004924,,0,
0,20220201050553,,0,
0,20220201194456,,0,
0,20220204050815,,0,
0,20220205223446,,0,
0,20220206030329,,0,
0,20220208021011,,0,
0,20220208064126,,0,
0,20220209072533,,0,
0,20220214043258,,0,
0,20220215061821,,0,
0,20220215214529,,0,
0,20220216200224,,0,
0,20220221093509,,0,
0,20220221093523,,0,
0,20220221115345,,0,
0,20220221200017,,0,
0,20220221205842,,0,
0,20220221212948,,0,
0,20220221213541,,0,
0,20220221222027,,0,
0,20220221231843,,0,
0,20220222011134,,0,
0,20220222203413,,0,
0,20220223050506,,0,
0,20220223204904,,0,
0,20220225235715,,0,
0,20220302215516,,0,
0,20220304140908,,0,
0,20220304204754,,0,
0,20220304205113,,0,
0,20220306214525,,0,
0,20220307131527,,0,
0,20220309050420,,0,
0,20220310015235,,0,
0,20220313031230,,0,
0,20220313073453,,0,
0,20220313073823,,0,
0,20220314024006,,0,
0,20220315052531,,0,
0,20220317041909,,0,
0,20220319070726,,0,
0,20220321231848,,0,
0,20220324033143,,0,
0,20220324055848,,0,
0,20220326033606,,0,
0,20220326104601,,0,
0,20220326172636,,0,
0,20220330010914,,0,
0,20220331043730,,0,
0,20220401141933,,0,
0,20220406152735,,0,
0,20220407070507,,0,
0,20220414014324,,0,
0,20220414075600,,0,
0,20220420064334,,0,
0,20220421083501,,0,
0,20220428095858,,0,
0,20220505100758,,0,
0,20220512054519,,0,
0,20220512101411,,0,
0,20220513214425,,0,
0,20220518040045,,0,
0,20220518040156,,0,
0,20220519101126,,0,
0,20220523121317,,0,
0,20220526104757,,0,
0,20220601112000,,0,
0,20220608145546,,0,
0,20220609120653,,0,
0,20220610065343,,0,
0,20220611072800,,0,
0,20220612075706,,0,
0,20220613082858,,0,
0,20220613221324,,0,
0,20220614065511,,0,
0,20220615050802,,0,
0,20220616053640,,0,
0,20220616130205,,0,
0,20220617061812,,0,
0,20220618071211,,0,
0,20220619072844,,0,
0,20220620074828,,0,
0,20220621233236,,0,
0,20220622013441,,0,
0,20220622234903,,0,
0,20220623140926,,0,
0,20220624003402,,0,
0,20220624115239,,0,
0,20220625020717,,0,
0,20220625231712,,0,
0,20220626032030,,0,
0,20220626085355,,0,
0,20220627000719,,0,
0,20220628011725,,0,
0,20220628192427,,0,
0,20220628223156,,0,
0,20220629012417,,0,
0,20220630013815,,0,
0,20220701020932,,0,
0,20220701021313,,0,
0,20220701021607,,0,
0,20220701121407,,0,
0,20220702040626,,0,
0,20220703043415,,0,
0,20220704044647,,0,
0,20220705053003,,0,
0,20220706035114,,0,
0,20220707044827,,0,
0,20220708052322,,0,
0,20220708125345,,0,
0,20220708220426,,0,
0,20220709065027,,0,
0,20220710065547,,0,
0,20220711075046,,0,
0,20220712081909,,0,
0,20220714073823,,0,
0,20220714081417,,0,
0,20220715135534,,0,
0,20220715154327,,0,
0,20220717172006,,0,
0,20220720001519,,0,
0,20220722052022,,0,
0,20220722143100,,0,
0,20220725085127,,0,
0,20220726103545,,0,
0,20220727141632,,0,
0,20220728153404,,0,
0,20220729161651,,0,
0,20220729172052,,0,
0,20220730191857,,0,
0,20220801000851,,0,
0,20220802000724,,0,
0,20220803010747,,0,
0,20220804010118,,0,
0,20220805013709,,0,
0,20220805155634,,0,
0,20220806015224,,0,
0,20220807015301,,0,
0,20220808024711,,0,
0,20220809040700,,0,
0,20220810052010,,0,
0,20220810155624,,0,
0,20220811045415,,0,
0,20220812054629,,0,
0,20220812154015,,0,
0,20220813053027,,0,
0,20220814054157,,0,
0,20220814074104,,0,
0,20220815060811,,0,
0,20220815062949,,0,
0,20220816072333,,0,
0,20220817074415,,0,
0,20220819052702,,0,
0,20220819084717,,0,
0,20220819155314,,0,
0,20220820105758,,0,
0,20220821110001,,0,
0,20220822151545,,0,
0,20220822175347,,0,
0,20220823230502,,0,
0,20220825211109,,0,
0,20220826222754,,0,
0,20220827231019,,0,
0,20220828231758,,0,
0,20220829204852,,0,
0,20220830000024,,0,
0,20220831004800,,0,
0,20220901004400,,0,
0,20220902012625,,0,
0,20220903012852,,0,
0,20220904015026,,0,
0,20220905021434,,0,
0,20220905213051,,0,
0,20220906024948,,0,
0,20220906060006,,0,
0,20220906061913,,0,
0,20220907064545,,0,
0,20220908064342,,0,
0,20220908111709,,0,
0,20220909045426,,0,
0,20220910051427,,0,
0,20220911055945,,0,
0,20220912062714,,0,
0,20220913044714,,0,
0,20220913061245,,0,
0,20220913175941,,0,
0,20220914034603,,0,
0,20220914182622,,0,
0,20220915040751,,0,
0,20220915200944,,0,
0,20220916084833,,0,
0,20220916112159,,0,
0,20220916154425,,0,
0,20220916213920,,0,
0,20220917043336,,0,
0,20220917090404,,0,
0,20220917133715,,0,
0,20220918094722,,0,
0,20220918114546,,0,
0,20220918215722,,0,
0,20220919103033,,0,
0,20220919163033,,0,
0,20220919223731,,0,
0,20220920062723,,0,
0,20220920104855,,0,
0,20220920130419,,0,
0,20220920232443,,0,
0,20220921021554,,0,
0,20220921112105,,0,
0,20220921142514,,0,
0,20220922001029,,0,
0,20220922032556,,0,
0,20220922093932,,0,
0,20220922181819,,0,
0,20220923000745,,0,
0,20220923102248,,0,
0,20220923194218,,0,
0,20220923230756,,0,
0,20220924082408,,0,
0,20220924104550,,0,
0,20220924104608,,0,
0,20220924171516,,0,
0,20220924231502,,0,
0,20220925105848,,0,
0,20220925170604,,0,
0,20220926000132,,0,
0,20220926114535,,0,
0,20220926181825,,0,
0,20220927014822,,0,
0,20220927071933,,0,
0,20220927115957,,0,
0,20220927205224,,0,
0,20220927211314,,0,
0,20220928032043,,0,
0,20220928125023,,0,
0,20220929024909,,0,
0,20220929125257,,0,
0,20220929131217,,0,
0,20220930003615,,0,
0,20220930061442,,0,
0,20220930133834,,0,
0,20221001071034,,0,
0,20221001152829,,0,
0,20221001171748,,0,
0,20221002081006,,0,
0,20221002163140,,0,
0,20221002181036,,0,
0,20221003041117,,0,
0,20221003100141,,0,
0,20221003184206,,0,
0,20221004082032,,0,
0,20221004100416,,0,
0,20221004184840,,0,
0,20221004190339,,0,
0,20221007143243,,0,
0,20221007153701,,0,
0,20221007163558,,0,
0,20221008005548,,0,
0,20221008160332,,0,
0,20221008173247,,0,
0,20221009003149,,0,
0,20221009161859,,0,
0,20221009183530,,0,
0,20221009233633,,0,
0,20221010164332,,0,
0,20221010190132,,0,
0,20221011035657,,0,
0,20221011083458,,0,
0,20221011170212,,0,
0,20221011230852,,0,
0,20221012072556,,0,
0,20221012230228,,0,
0,20221013233009,,0,
0,20221014055405,,0,
0,20221014163701,,0,
0,20221015165347,,0,
0,20221016173153,,0,
0,20221017183132,,0,
0,20221017183215,,0,
0,20221018083501,,0,
0,20221018162217,,0,
0,20221020184609,,0,
0,20221020230659,,0,
0,20221021165105,,0,
0,20221021201334,,0,
0,20221022205240,,0,
0,20221023213344,,0,
0,20221024220526,,0,
0,20221024224014,,0,
0,20221026011406,,0,
0,20221026082146,,0,
0,20221027035835,,0,
0,20221028050356,,0,
0,20221028155304,,0,
0,20221029055914,,0,
0,20221030063701,,0,
0,20221031080217,,0,
0,20221101083706,,0,
0,20221101125216,,0,
0,20221102104745,,0,
0,20221104125859,,0,
0,20221105140712,,0,
0,20221106213426,,0,
0,20221107223658,,0,
0,20221108232410,,0,
0,20221109131338,,0,
0,20221110005438,,0,
0,20221111013135,,0,
0,20221112022915,,0,
0,20221113025910,,0,
0,20221113223720,,0,
0,20221114032045,,0,
0,20221115042322,,0,
0,20221116121336,,0,
0,20221117054733,,0,
0,20221118065227,,0,
0,20221119063731,,0,
0,20221120071643,,0,
0,20221121074612,,0,
0,20221122080307,,0,
0,20221123082429,,0,
0,20221123125137,,0,
0,20221124090711,,0,
0,20221125100836,,0,
0,20221126105916,,0,
0,20221127115739,,0,
0,20221128135030,,0,
0,20221129154302,,0,
0,20221130132514,,0,
0,20221130145417,,0,
0,20221201132433,,0,
0,20221201153426,,0,
0,20221203180446,,0,
0,20221204192237,,0,
0,20221205194150,,0,
0,20221206043617,,0,
0,20221206204230,,0,
0,20221207092013,,0,
0,20221207213919,,0,
0,20221208142335,,0,
0,20221208220620,,0,
0,20221209031107,,0,
0,20221210023034,,0,
0,20221211032313,,0,
0,20221212042419,,0,
0,20221212083933,,0,
0,20221213043522,,0,
0,20221214044711,,0,
0,20221214061305,,0,
0,20221214122655,,0,
0,20221214173010,,0,
0,20221215134135,,0,
0,20221217075745,,0,
0,20221218083719,,0,
0,20221219093032,,0,
0,20221220101726,,0,
0,20221221103117,,0,
0,20221222113418,,0,
0,20221222151843,,0,
0,20221223044201,,0,
0,20221223083855,,0,
0,20221224053310,,0,
0,20221225054806,,0,
0,20221225195206,,0,
0,20221226061121,,0,
0,20221227064831,,0,
0,20221228073742,,0,
0,20221230081641,,0,
0,20221230083448,,0,
0,20221231072029,,0,
0,20230101073225,,0,
0,20230102075258,,0,
0,20230103083318,,0,
0,20230104091009,,0,
0,20230105093416,,0,
0,20230106090217,,0,
0,20230106100444,,0,
0,20230107103901,,0,
0,20230108110612,,0,
0,20230109113505,,0,
0,20230110114832,,0,
0,20230111102759,,0,
0,20230112111833,,0,
0,20230113025808,,0,
0,20230113090445,,0,
0,20230113121643,,0,
0,20230114003208,,0,
0,20230114124325,,0,
0,20230115131033,,0,
0,20230116133304,,0,
0,20230126041940,,0,
0,20230130190447,,0,
0,20230130195417,,0,
0,20230131070305,,0,
0,20230131205227,,0,
0,20230201190636,,0,
0,20230202053905,,0,
0,20230202200206,,0,
0,20230203205740,,0,
0,20230203235901,,0,
0,20230204211333,,0,
0,20230205001844,,0,
0,20230205170103,,0,
0,20230205224108,,0,
0,20230206013321,,0,
0,20230206175201,,0,
0,20230206233437,,0,
0,20230207013422,,0,
0,20230207181255,,0,
0,20230208122734,,0,
0,20230208184540,,0,
0,20230209000327,,0,
0,20230210002430,,0,
0,20230210005300,,0,
0,20230210224311,,0,
0,20230211053331,,0,
0,20230211184128,,0,
0,20230211231914,,0,
0,20230212184305,,0,
0,20230212233902,,0,
0,20230213201231,,0,
0,20230214001702,,0,
0,20230214031425,,0,
0,20230215002316,,0,
0,20230216012226,,0,
0,20230216023904,,0,
0,20230217015342,,0,
0,20230218022341,,0,
0,20230219024458,,0,
0,20230220033225,,0,
0,20230220201813,,0,
0,20230221024840,,0,
0,20230222020600,,0,
0,20230223032924,,0,
0,20230224042104,,0,
0,20230227055030,,0,
0,20230227215024,,0,
0,20230228060246,,0,
0,20230301072329,,0,
0,20230301123505,,0,
0,20230302075058,,0,
0,20230302214935,,0,
0,20230303083548,,0,
0,20230304060832,,0,
0,20230304091714,,0,
0,20230305101938,,0,
0,20230306103144,,0,
0,20230306223937,,0,
0,20230307110706,,0,
0,20230307135929,,0,
0,20230308111434,,0,
0,20230309114032,,0,
0,20230310122011,,0,
0,20230311124414,,0,
0,20230312144623,,0,
0,20230313205516,,0,
0,20230313225108,,0,
0,20230314062132,,0,
0,20230314143014,,0,
0,20230314193207,,0,
0,20230315151310,,0,
0,20230315173751,,0,
0,20230316162309,,0,
0,20230317170411,,0,
0,20230318173845,,0,
0,20230319053329,,0,
0,20230319053540,,0,
0,20230319183356,,0,
0,20230320185136,,0,
0,20230321030831,,0,
0,20230321195153,,0,
0,20230321195340,,0,
0,20230322044232,,0,
0,20230322044242,,0,
0,20230322052738,,0,
0,20230322185441,,0,
0,20230329012252,,0,
0,20230329211831,,0,
0,20230329212552,,0,
0,20230330194237,,0,
0,20230330225037,,0,
0,20230331235321,,0,
0,20230403234742,,0,
0,20230405021032,,0,
0,20230405040108,,0,
0,20230405041710,,0,
0,20230405234107,,0,
0,20230406104457,,0,
0,20230407003812,,0,
0,20230408012045,,0,
0,20230408082140,,0,
0,20230409013735,,0,
0,20230410020206,,0,
0,20230411003747,,0,
0,20230412011052,,0,
0,20230413213141,,0,
0,20230413224820,,0,
0,20230414103955,,0,
0,20230414213301,,0,
0,20230414230834,,0,
0,20230415212653,,0,
0,20230416221109,,0,
0,20230417213922,,0,
0,20230418202407,,0,
0,20230419212756,,0,
0,20230420125811,,0,
0,20230420214414,,0,
0,20230420221413,,0,
0,20230421223743,,0,
0,20230422091830,,0,
0,20230422233834,,0,
0,20230423235920,,0,
0,20230425004617,,0,
0,20230426002702,,0,
0,20230426025903,,0,
0,20230427011251,,0,
0,20230427021920,,0,
0,20230427230329,,0,
0,20230428190020,,0,
0,20230429202137,,0,
0,20230430232037,,0,
0,20230502005912,,0,
0,20230502013621,,0,
0,20230503023519,,0,
0,20230504031639,,0,
0,20230505060716,,0,
0,20230505172754,,0,
0,20230506073640,,0,
0,20230507094016,,0,
0,20230508102742,,0,
0,20230509111108,,0,
0,20230510114853,,0,
0,20230511121601,,0,
0,20230511140853,,0,
0,20230511155022,,0,
0,20230512021049,,0,
0,20230512103915,,0,
0,20230513115412,,0,
0,20230513210757,,0,
0,20230514124859,,0,
0,20230514171235,,0,
0,20230515130955,,0,
0,20230516155143,,0,
0,20230517180117,,0,
0,20230518043320,,0,
0,20230518183937,,0,
0,20230519033924,,0,
0,20230519075859,,0,
0,20230519105959,,0,
0,20230519193007,,0,
0,20230520194508,,0,
0,20230521224639,,0,
0,20230523005907,,0,
0,20230524013031,,0,
0,20230525015715,,0,
0,20230526025118,,0,
0,20230526043603,,0,
0,20230526080325,,0,
0,20230527030752,,0,
0,20230528033308,,0,
0,20230529054916,,0,
0,20230530060917,,0,
0,20230531065430,,0,
0,20230601072349,,0,
0,20230602054830,,0,
0,20230602081314,,0,
0,20230603044846,,0,
0,20230603081917,,0,
0,20230604154448,,0,
0,20230605161046,,0,
0,20230606170753,,0,
0,20230607163131,,0,
0,20230607200147,,0,
0,20230608211445,,0,
0,20230609030126,,0,
0,20230609095049,,0,
0,20230610001952,,0,
0,20230610052439,,0,
0,20230611075120,,0,
0,20230612090632,,0,
0,20230613093743,,0,
0,20230613215447,,0,
0,20230616041354,,0,
0,20230616113332,,0,
0,20230616143531,,0,
0,20230617122842,,0,
0,20230618105854,,0,
0,20230618124940,,0,
0,20230618143526,,0,
0,20230618202006,,0,
0,20230619132127,,0,
0,20230621080644,,0,
0,20230628080417,,0,
0,20230705122335,,0,
0,20230714043051,,0,
0,20230714082654,,0,
0,20230714104150,,0,
0,20230714105152,,0,
0,20230714105240,,0,
0,20230715090318,,0,
0,20230716091915,,0,
0,20230717095545,,0,
0,20230718113401,,0,
0,20230721090808,,0,
0,20230721112355,,0,
0,20230721124959,,0,
0,20230722072503,,0,
0,20230728115631,,0,
0,20230729074910,,0,
0,20230804122127,,0,
0,20230804155734,,0,
0,20230804234052,,0,
0,20230805083930,,0,
0,20230806030141,,0,
0,20230807020346,,0,
0,20230807025941,,0,
0,20230808022401,,0,
0,20230808022420,,0,
0,20230808024934,,0,
0,20230808024956,,0,
0,20230811175727,,0,
0,20230812090559,,0,
0,20230813215844,,0,
0,20230818152331,,0,
0,20230819100703,,0,
0,20230820043350,,0,
1,20230825144704,Summer/Winter Sale,0,
1,20230826102001,Summer/Winter Sale,0,
0,20230831130642,,0,
0,20230901174614,,0,
0,20230902104351,,0,
0,20230902133244,,0,
0,20230902171150,,0,
0,20230903064053,,0,
0,20230903132416,,0,
0,20230903180353,,0,
0,20230904195521,,0,
0,20230905211545,,0,
0,20230906063914,,0,
0,20230906222414,,0,
0,20230907042222,,0,
0,20230907235623,,0,
0,20230909015128,,0,
0,20230909110737,,0,
0,20230909130618,,0,
0,20230909134455,,0,
0,20230909174552,,0,
0,20230910040411,,0,
0,20230911051902,,0,
0,20230913132717,,0,
0,20230913222004,,0,
0,20230916124145,,0,
0,20230916133450,,0,
0,20230916180650,,0,
0,20230917042711,,0,
0,20230917160515,,0,
0,20230920055259,,0,
0,20230920143421,,0,
0,20230920143737,,0,
0,20230923132807,,0,
0,20230923140035,,0,
0,20230924194347,,0,
0,20230928005648,,0,
0,20230930143117,,0,
0,20230930165906,,0,
0,20231001170901,,0,
0,20231007044526,,0,
0,20231007154254,,0,
0,20231007165256,,0,
0,20231008035303,,0,
0,20231014163642,,0,
0,20231014172529,,0,
0,20231014181912,,0,
0,20231015043150,,0,
0,20231015235420,,0,
0,20231020185136,,0,
0,20231021021620,,0,
0,20231021171541,,0,
0,20231021200419,,0,
0,20231022045254,,0,
0,20231026071306,,0,
0,20231026122237,,0,
0,20231028110713,,0,
0,20231028173222,,0,
0,20231028210610,,0,
0,20231029065134,,0,
0,20231029223802,,0,
0,20231030183402,,0,
0,20231031191856,,0,
0,20231101114443,,0,
0,20231103100844,,0,
0,20231104175957,,0,
0,20231104230536,,0,
0,20231105001815,,0,
0,20231105071734,,0,
0,20231111184931,,0,
0,20231111233003,,0,
0,20231112074517,,0,
0,20231112225400,,0,
0,20231113083029,,0,
0,20231114122451,,0,
0,20231118190503,,0,
0,20231118222042,,0,
0,20231120184208,,0,
0,20231121140614,,0,
0,20231122003922,,0,
0,20231123005318,,0,
0,20231124015437,,0,
0,20231125201926,,0,
0,20231127033126,,0,
0,20231128132341,,0,
0,20231202201103,,0,
0,20231205184844,,0,
0,20231206074351,,0,
0,20231207133329,,0,
0,20231207204443,,0,
0,20231208230523,,0,
0,20231209205625,,0,
0,20231210142922,,0,
0,20231211122731,,0,
0,20231212220431,,0,
0,20231213080916,,0,
0,20231216004136,,0,
0,20231216182721,,0,
0,20231216214824,,0,
0,20231217154244,,0,
0,20231217195057,,0,
0,20231218193331,,0,
0,20231220062413,,0,
0,20231220063634,,0,
0,20231220084014,,0,
0,20231223221245,,0,
0,20231224162102,,0,
0,20231224223731,,0,
0,20231225133614,,0,
0,20231226141813,,0,
0,20231227091646,,0,
0,20231230235232,,0,
0,20240101105524,,0,
0,20240101142440,,0,
0,20240102104752,,0,
0,20240103093247,,0,
0,20240107001030,,0,
0,20240107043113,,0,
0,20240108081221,,0,
0,20240109102555,,0,
0,20240110101623,,0,
0,20240111080110,,0,
0,20240111114413,,0,
0,20240112120118,,0,
0,20240113061318,,0,
0,20240113110744,,0,
0,20240114033950,,0,
0,20240114072005,,0,
0,20240114122907,,0,
0,20240114200358,,0,
0,20240115083621,,0,
0,20240115093116,,0,
0,20240116041442,,0,
0,20240116055918,,0,
0,20240116124540,,0,
0,20240116125706,,0,
0,20240116203005,,0,
0,20240117183152,,0,
0,20240117212047,,0,
0,20240119054141,,0,
0,20240119173435,,0,
0,20240120095822,,0,
0,20240121042304,,0,
0,20240121080815,,0,
0,20240121121700,,0,
0,20240122152413,,0,
0,20240123181825,,0,
0,20240124191504,,0,
0,20240125211341,,0,
0,20240128053258,,0,
0,20240128075223,,0,
0,20240130012051,,0,
0,20240130050820,,0,
0,20240131022946,,0,
0,20240131061923,,0,
0,20240131222131,,0,
0,20240201041742,,0,
0,20240202094638,,0,
0,20240204052659,,0,
0,20240205035411,,0,
0,20240207055432,,0,
0,20240207233900,,0,
0,20240212042700,,0,
0,20240212214502,,0,
0,20240213063142,,0,
0,20240214070734,,0,
0,20240214170908,,0,
0,20240219061236,,0,
0,20240219225214,,0,
0,20240222030453,,0,
0,20240223064741,,0,
0,20240225125152,,0,
0,20240226052159,,0,
0,20240228225307,,0,
0,20240306102240,,0,
0,20240312020938,,0,
0,20240314115331,,0,
0,20240315160712,,0,
0,20240316141945,,0,
0,20240316150244,,0,
0,20240316231413,,0,
0,20240317150049,,0,
0,20240318154812,,0,
0,20240319041520,,0,
0,20240319142604,,0,
0,20240320145100,,0,
0,20240321160147,,0,
0,20240322153428,,0,
0,20240324021858,,0,
0,20240324181947,,0,
0,20240325173814,,0,
0,20240326040638,,0,
0,20240326185513,,0,
0,20240326210902,,0,
0,20240327080906,,0,
0,20240327181043,,0,
0,20240329174220,,0,
0,20240330174202,,0,
0,20240401014946,,0,
0,20240401190103,,0,
0,20240402043824,,0,
0,20240402141646,,0,
0,20240402214321,,0,
0,20240403213406,,0,
0,20240403224158,,0,
0,20240404023739,,0,
0,20240404182808,,0,
0,20240404232807,,0,
0,20240405151047,,0,
0,20240405195101,,0,
0,20240405203335,,0,
0,20240405203738,,0,
0,20240406212042,,0,
0,20240406212334,,0,
0,20240407212041,,0,
0,20240407221234,,0,
0,20240408222141,,0,
0,20240408231751,,0,
0,20240409054103,,0,
0,20240410004706,,0,
0,20240410055603,,0,
0,20240411133143,,0,
0,20240412051657,,0,
0,20240414020147,,0,
0,20240418173834,,0,
0,20240418175630,,0,
0,20240418232410,,0,
0,20240419051946,,0,
0,20240419093516,,0,
0,20240419161709,,0,
0,20240419184647,,0,
0,20240420192135,,0,
0,20240421061518,,0,
0,20240422001733,,0,
0,20240422052248,,0,
0,20240422063733,,0,
0,20240423013930,,0,
0,20240424004530,,0,
0,20240424122900,,0,
0,20240424130124,,0,
0,20240425135811,,0,
0,20240425182239,,0,
0,20240425231543,,0,
0,20240426032349,,0,
0,20240426062912,,0,
0,20240426150641,,0,
0,20240426192306,,0,
0,20240427013951,,0,
0,20240427133703,,0,
0,20240427162237,,0,
0,20240427190118,,0,
0,20240428171803,,0,
0,20240428205222,,0,
0,20240429185311,,0,
0,20240430201122,,0,
0,20240501001656,,0,
0,20240501224947,,0,
0,20240501230438,,0,
0,20240502192734,,0,
0,20240503003333,,0,
0,20240503023607,,0,
0,20240504081523,,0,
0,20240505003123,,0,
0,20240505040625,,0,
0,20240505092616,,0,
0,20240505235447,,0,
0,20240507002756,,0,
0,20240508020848,,0,
0,20240508165857,,0,
0,20240509053051,,0,
0,20240509201409,,0,
0,20240510074304,,0,
0,20240510082041,,0,
0,20240510193307,,0,
0,20240511094412,,0,
0,20240511101047,,0,
0,20240512010847,,0,
0,20240512100707,,0,
0,20240513124934,,0,
0,20240514133719,,0,
0,20240515083007,,0,
0,20240515154030,,0,
0,20240515174331,,0,
0,20240516145922,,0,
0,20240516203919,,0,
0,20240517081542,,0,
0,20240518145041,,0,
0,20240518170856,,0,
0,20240519073422,,0,
0,20240521141620,,0,
0,20240521181023,,0,
0,20240522160508,,0,
0,20240522203249,,0,
0,20240523195943,,0,
0,20240523211340,,0,
0,20240524210638,,0,
0,20240525162644,,0,
0,20240525214447,,0,
0,20240526093450,,0,
0,20240526172946,,0,
0,20240527000843,,0,
0,20240527193113,,0,
0,20240528021318,,0,
0,20240528194139,,0,
0,20240529220921,,0,
0,20240530214459,,0,
0,20240531031504,,0,
0,20240601042214,,0,
0,20240601070046,,0,
0,20240601175411,,0,
0,20240602053315,,0,
0,20240602191420,,0,
0,20240603053519,,0,
0,20240603154057,,0,
0,20240604171751,,0,
0,20240605064450,,0,
0,20240605233403,,0,
0,20240606081452,,0,
0,20240606225734,,0,
0,20240607055419,,0,
0,20240607180519,,0,
0,20240607215835,,0,
0,20240608035917,,0,
0,20240608100002,,0,
0,20240609071917,,0,
0,20240609100431,,0,
0,20240610071045,,0,
0,20240610113147,,0,
0,20240611130737,,0,
0,20240612023800,,0,
0,20240612085413,,0,
0,20240612132249,,0,
0,20240613112327,,0,
0,20240613142745,,0,
0,20240614030951,,0,
0,20240614145053,,0,
0,20240614230332,,0,
0,20240616072800,,0,
0,20240616155413,,0,
0,20240617113524,,0,
0,20240618171358,,0,
0,20240619072232,,0,
0,20240619121401,,0,
0,20240620075633,,0,
0,20240621084615,,0,
0,20240621204502,,0,
0,20240621235440,,0,
0,20240623111242,,0,
0,20240624024419,,0,
0,20240624120916,,0,
0,20240625112840,,0,
0,20240625185911,,0,
0,20240626165120,,0,
0,20240626193916,,0,
0,20240627202646,,0,
0,20240629002857,,0,
0,20240629063633,,0,
0,20240630123855,,0,
0,20240701013111,,0,
0,20240701124855,,0,
0,20240701180548,,0,
0,20240702081643,,0,
0,20240703111743,,0,
0,20240704174152,,0,
0,20240705034801,,0,
0,20240705094855,,0,
0,20240705121728,,0,
0,20240706010844,,0,
0,20240706080853,,0,
0,20240706130718,,0,
0,20240707002258,,0,
0,20240708075912,,0,
0,20240709122856,,0,
0,20240709155253,,0,
0,20240709205445,,0,
0,20240710161046,,0,
0,20240710162520,,0,
0,20240710163118,,0,
0,20240711161439,,0,
0,20240711172559,,0,
0,20240712044658,,0,
0,20240712183439,,0,
0,20240713015234,,0,
0,20240713204708,,0,
0,20240713224623,,0,
0,20240715213401,,0,
0,20240715213825,,0,
0,20240716214850,,0,
0,20240717230843,,0,
0,20240718224600,,0,
0,20240719172705,,0,
0,20240720001526,,0,
0,20240720025800,,0,
0,20240720030116,,0,
0,20240721055421,,0,
0,20240722034303,,0,
0,20240722063043,,0,
0,20240723045721,,0,
0,20240724070923,,0,
0,20240725074626,,0,
0,20240726071549,,0,
0,20240727034047,,0,
0,20240727053710,,0,
0,20240727081736,,0,
0,20240728093909,,0,
0,20240729081525,,0,
0,20240729103819,,0,
0,20240729222653,,0,
0,20240730223947,,0,
0,20240731231126,,0,
0,20240802012206,,0,
0,20240803013519,,0,
0,20240803044450,,0,
0,20240804031851,,0,
0,20240805030716,,0,
0,20240806023537,,0,
0,20240806232535,,0,
0,20240807033619,,0,
0,20240807215545,,0,
0,20240809043440,,0,
0,20240810053440,,0,
0,20240811225844,,0,
0,20240813015724,,0,
0,20240814030724,,0,
0,20240814101746,,0,
0,20240815042219,,0,
0,20240815051756,,0,
0,20240816054253,,0,
0,20240816143950,,0,
0,20240817041440,,0,
0,20240818175101,,0,
0,20240818234953,,0,
0,20240819062547,,0,
0,20240820121614,,0,
0,20240820122435,,0,
0,20240823122919,,0,
0,20240824131536,,0,
0,20240825141329,,0,
0,20240826005632,,0,
0,20240826161643,,0,
0,20240827091314,,0,
0,20240827161225,,0,
0,20240828184551,,0,
0,20240829194157,,0,
0,20240830041658,,0,
0,20240830070350,,0,
0,20240830114545,,0,
0,20240830142736,,0,
0,20240830190041,,0,
0,20240831114853,,0,
0,20240831172305,,0,
0,20240831185212,,0,
0,20240901105827,,0,
0,20240901131121,,0,
0,20240902021501,,0,
0,20240902024950,,0,
0,20240902150516,,0,
0,20240903052012,,0,
0,20240903142001,,0,
0,20240903200150,,0,
0,20240904074133,,0,
0,20240904213038,,0,
0,20240905090401,,0,
0,20240905223725,,0,
0,20240906103303,,0,
0,20240907000612,,0,
0,20240907111523,,0,
0,20240908001356,,0,
0,20240909011520,,0,
0,20240909031653,,0,
0,20240909105626,,0,
0,20240910025911,,0,
0,20240910103054,,0,
0,20240910203240,,0,
0,20240910205322,,0,
0,20240911090558,,0,
0,20240911122508,,0,
0,20240912000855,,0,
0,20240912063841,,0,
0,20240912122615,,0,
0,20240913032059,,0,
0,20240913082017,,0,
0,20240914010345,,0,
0,20240914084846,,0,
0,20240914142735,,0,
0,20240914143759,,0,
0,20240915063625,,0,
0,20240915150422,,0,
0,20240916035949,,0,
0,20240916071656,,0,
0,20240916153426,,0,
0,20240917160419,,0,
0,20240918134541,,0,
0,20240918161919,,0,
0,20240919125513,,0,
0,20240919133947,,0,
0,20240920140915,,0,
0,20240920150035,,0,
0,20240920160413,,0,
0,20240921114231,,0,
0,20240921153556,,0,
0,20240922011718,,0,
0,20240922122622,,0,
0,20240922152845,,0,
0,20240923044427,,0,
0,20240923141931,,0,
0,20240923171441,,0,
0,20240924030658,,0,
0,20240924143351,,0,
0,20240924171654,,0,
0,20240925151433,,0,
0,20240925191450,,0,
0,20240926151825,,0,
0,20240926201248,,0,
0,20240926203823,,0,
0,20240927153358,,0,
0,20240927155926,,0,
0,20240928005856,,0,
0,20240928022626,,0,
0,20240928160857,,0,
0,20240928170545,,0,
0,20240929021103,,0,
0,20240929181739,,0,
0,20240929182917,,0,
0,20240930004246,,0,
0,20240930225441,,0,
0,20241001040208,,0,
0,20241001053137,,0,
0,20241001093845,,0,
0,20241002004655,,0,
0,20241002081416,,0,
0,20241002102647,,0,
0,20241002190913,,0,
0,20241002213725,,0,
0,20241002213727,,0,
0,20241002213729,,0,
0,20241003022539,,0,
0,20241003092834,,0,
0,20241004090256,,0,
0,20241004100053,,0,
0,20241004114459,,0,
0,20241004190538,,0,
0,20241005072552,,0,
0,20241005140358,,0,
0,20241005223400,,0,
0,20241006095433,,0,
0,20241006153243,,0,
0,20241007103306,,0,
0,20241007154257,,0,
0,20241007161734,,0,
0,20241008050049,,0,
0,20241008120043,,0,
0,20241008173526,,0,
0,20241009151703,,0,
0,20241015163225,,0,
0,20241015163342,,0,
0,20241112223933,,0,
0,20241112223954,,0,
0,20241115142331,,0,
0,20241116231412,,0,
0,20241117051023,,0,
0,20241122113929,,0,
0,20241122213240,,0,
0,20241123223040,,0,
0,20241129012349,,0,
0,20241129012434,,0,
0,20241130105620,,0,
0,20241201052213,,0,
0,20241201184517,,0,
0,20241213005241,,0,
0,20241217150021,,0,
